{"test": [26.25, 26.25, 26.27, 26.3, 26.38, 26.6, 26.7, 26.97, 27.48, 28.07, 28.85, 30.16, 31.48, 33.27, 35.71, 38.44, 42.06, 45.06, 48.06, 50.39, 51.51, 52.2, 52.32, 52.56, 52.21, 51.8, 51.41, 51.22, 50.84, 50.63, 50.31, 50.14, 50.02, 49.96, 49.84, 49.76, 49.66, 49.63, 49.53], "val": [26.090420235012946, 26.100378410675166, 26.100378410675166, 26.120294761999602, 26.190001991635132, 26.26966739693288, 26.409081856203944, 26.697868950408285, 27.145986855208125, 27.79326827325234, 28.55008962358096, 29.854610635331607, 31.457876916948816, 33.3698466440948, 35.90918143796056, 38.89663413662617, 41.91396136227843, 45.01095399322844, 47.4407488548098, 49.681338378809, 50.88627763393746, 52.02150965943039, 51.832304321848234, 51.712806213901615, 51.563433578968336, 51.155148376817365, 50.76677952599084, 50.53774148575981, 50.32861979685322, 50.258912567217685, 50.1593308105955, 50.00995817566222, 49.86058554072894, 49.741087432782315, 49.601672973511256, 49.43238398725354, 49.372634933280224, 49.31288587930691, 49.23322047400916], "flops": [1.0, 1.0, 1.0002000331878662, 1.0020999908447266, 1.0041999816894531, 1.0096999406814575, 1.0159000158309937, 1.0257999897003174, 1.0444999933242798, 1.0657999515533447, 1.097499966621399, 1.147800087928772, 1.2111999988555908, 1.2970999479293823, 1.4194999933242798, 1.5703999996185303, 1.7735999822616577, 1.9939000606536865, 2.2344000339508057, 2.497300148010254, 2.737499952316284, 2.957900047302246, 3.1477999687194824, 3.305500030517578, 3.411900043487549, 3.512199878692627, 3.5908000469207764, 3.6561999320983887, 3.707200050354004, 3.7511000633239746, 3.789900064468384, 3.8215999603271484, 3.845099925994873, 3.863800048828125, 3.8815999031066895, 3.894199848175049, 3.9075000286102295, 3.9160001277923584, 3.9260001182556152]}