{"test": [41.3, 41.31, 41.32, 41.36, 41.44, 41.51, 41.63, 41.86, 42.23, 42.75, 43.46, 44.52, 45.88, 47.59, 49.36, 51.61, 53.86, 55.83, 57.08, 58.02, 58.5, 57.98, 57.36, 56.9, 56.21, 55.91, 55.61, 55.25, 54.85, 54.51, 54.39, 54.3, 54.27, 54.17, 54.13, 54.05, 53.98, 53.95, 53.92], "val": [40.55964947221669, 40.56960764787891, 40.579565823541124, 40.599482174865564, 40.63931487751444, 40.72893845847441, 40.89822744473212, 41.07747460665206, 41.45588528181637, 42.09320852419837, 42.87990440151364, 43.825931089424415, 45.34953196574388, 47.09221270663215, 49.05397331208923, 51.175064728141805, 53.72435769766979, 55.646285600477995, 56.920932085241986, 57.767377016530574, 57.9964150567616, 57.90679147580163, 57.80720971917945, 57.209719179446324, 56.47281418044214, 56.174068910575585, 55.96494722166899, 55.56662019518024, 55.29774945230034, 55.12846046604262, 54.88946425014937, 54.710217088229435, 54.550886277633936, 54.44134634534953, 54.371639115714004, 54.32184823740291, 54.30193188607847, 54.25214100776738, 54.202350129456285], "flops": [1.0, 1.0002999305725098, 1.001099944114685, 1.0020999908447266, 1.0053000450134277, 1.0078999996185303, 1.015299916267395, 1.0234999656677246, 1.0378999710083008, 1.059399962425232, 1.0951000452041626, 1.14739990234375, 1.216399908065796, 1.3095999956130981, 1.4337999820709229, 1.5850000381469727, 1.788599967956543, 2.0076000690460205, 2.2500998973846436, 2.4911999702453613, 2.741000175476074, 2.9594998359680176, 3.143399953842163, 3.297600030899048, 3.4160001277923584, 3.514200210571289, 3.5920000076293945, 3.6589999198913574, 3.7125000953674316, 3.757699966430664, 3.793799877166748, 3.821699857711792, 3.8411998748779297, 3.8624000549316406, 3.8789000511169434, 3.89490008354187, 3.905600070953369, 3.91729998588562, 3.927000045776367]}