{"test": [39.77, 39.77, 39.77, 39.8, 39.88, 40.0, 40.1, 40.3, 40.48, 40.88, 41.61, 42.39, 43.31, 44.32, 45.97, 47.91, 50.09, 52.12, 54.04, 54.58, 55.22, 55.34, 55.52, 55.47, 55.39, 55.32, 55.17, 55.09, 54.91, 54.77, 54.66, 54.6, 54.47, 54.41, 54.31, 54.25, 54.23, 54.21, 54.22], "val": [39.42441744672376, 39.43437562238598, 39.4443337980482, 39.46425014937263, 39.51404102768373, 39.563831905994824, 39.7132045409281, 39.96215893248357, 40.290778729336786, 40.65923122883888, 41.26667994423422, 42.08325034853615, 43.03923521210914, 44.16450906193985, 45.638319059948216, 47.54033061143198, 49.601672973511256, 51.4937263493328, 52.79824736108345, 54.033061143198566, 54.700258912567215, 55.42720573590918, 55.50687114120693, 55.4371639115714, 55.13841864170484, 55.01892053375821, 54.87950607448715, 54.81975702051384, 54.76000796654053, 54.720175263891655, 54.710217088229435, 54.68034256124278, 54.690300736905, 54.690300736905, 54.63055168293169, 54.590718980282816, 54.570802628958376, 54.51105357498506, 54.46126269667397], "flops": [1.0009000301361084, 1.0009000301361084, 1.0011999607086182, 1.0013999938964844, 1.0040000677108765, 1.0083999633789062, 1.012100100517273, 1.0236998796463013, 1.0396000146865845, 1.0656999349594116, 1.103100061416626, 1.1532999277114868, 1.2228999137878418, 1.3082000017166138, 1.4285999536514282, 1.583299994468689, 1.7803999185562134, 2.0067999362945557, 2.2558000087738037, 2.501999855041504, 2.738800048828125, 2.961699962615967, 3.1438000202178955, 3.2939000129699707, 3.4175000190734863, 3.5198001861572266, 3.600100040435791, 3.666300058364868, 3.7164998054504395, 3.7596001625061035, 3.794300079345703, 3.8219001293182373, 3.84440016746521, 3.865000009536743, 3.8812999725341797, 3.8954999446868896, 3.908600091934204, 3.9189999103546143, 3.9256999492645264]}