{"test": [41.83, 41.83, 41.85, 41.88, 41.91, 41.99, 42.15, 42.35, 42.78, 43.43, 44.11, 45.06, 46.21, 47.96, 50.03, 52.05, 53.71, 55.43, 56.63, 56.99, 57.13, 56.55, 55.72, 55.1, 54.11, 53.63, 53.0, 52.64, 52.24, 51.92, 51.81, 51.58, 51.51, 51.4, 51.3, 51.23, 51.23, 51.16, 51.08], "val": [41.704839673371836, 41.704839673371836, 41.714797849034056, 41.734714200358496, 41.78450507866959, 41.95379406492731, 42.08325034853615, 42.21270663214499, 42.68074088826927, 43.20852419836686, 43.90559649472217, 44.80183230432185, 45.986855208125874, 47.251543517227645, 49.014140609440354, 50.82652857996415, 53.08703445528779, 54.60067715594503, 56.144194383588925, 56.41306512646883, 56.46285600477992, 56.10436168094005, 55.54670384385581, 55.098585939055965, 54.690300736905, 54.033061143198566, 53.45548695478988, 52.967536347341166, 52.67874925313683, 52.50946026687911, 52.210714997012545, 52.071300537741486, 52.00159330810595, 51.852220673172674, 51.78251344353714, 51.75263891655049, 51.75263891655049, 51.73272256522605, 51.672973511252735], "flops": [1.0, 1.0, 1.0003000497817993, 1.002099871635437, 1.0044000148773193, 1.009600043296814, 1.0161000490188599, 1.0261999368667603, 1.0422000885009766, 1.0677000284194946, 1.1033999919891357, 1.1549999713897705, 1.2167999744415283, 1.3043999671936035, 1.429900050163269, 1.5846999883651733, 1.7776999473571777, 1.9981000423431396, 2.2539000511169434, 2.5116000175476074, 2.7526001930236816, 2.958899974822998, 3.1382999420166016, 3.287799835205078, 3.4264001846313477, 3.5237998962402344, 3.6054999828338623, 3.6689000129699707, 3.723099946975708, 3.765500068664551, 3.7983999252319336, 3.825200080871582, 3.8480000495910645, 3.868100166320801, 3.883999824523926, 3.895400047302246, 3.9057998657226562, 3.918099880218506, 3.9267001152038574]}