{"test": [37.54, 37.54, 37.52, 37.59, 37.63, 37.72, 37.79, 37.92, 38.23, 38.58, 39.2, 39.98, 41.11, 42.03, 44.19, 46.09, 47.52, 48.91, 50.04, 50.71, 51.45, 51.58, 51.71, 51.6, 51.59, 51.4, 51.43, 51.38, 51.41, 51.32, 51.28, 51.28, 51.26, 51.23, 51.22, 51.23, 51.22, 51.2, 51.23], "val": [36.84524995020912, 36.84524995020912, 36.85520812587134, 36.865166301533556, 36.885082652857996, 36.914957179844656, 37.09420434176459, 37.35311690898227, 37.62198765186218, 38.119896434973114, 38.94642501493726, 39.912368054172475, 41.127265484963154, 42.581159131647084, 44.214299940250946, 46.20593507269468, 48.147779326827326, 49.571798446524596, 50.89623580959968, 52.16092411870145, 52.52937661820354, 52.48954391555467, 52.43975303724358, 52.15096594303923, 52.01155148376817, 51.94184425413264, 51.98167695678152, 51.79247161919936, 51.692889862577175, 51.563433578968336, 51.523600876319456, 51.50368452499502, 51.42401911969727, 51.39414459271062, 51.39414459271062, 51.40410276837284, 51.3841864170484, 51.3841864170484, 51.39414459271062], "flops": [1.0009000301361084, 1.000999927520752, 1.0011000633239746, 1.0026999711990356, 1.0044000148773193, 1.007599949836731, 1.0135999917984009, 1.0245000123977661, 1.0441999435424805, 1.0673999786376953, 1.1018999814987183, 1.1503000259399414, 1.2151999473571777, 1.299899935722351, 1.42930006980896, 1.593400001525879, 1.7860000133514404, 2.008699893951416, 2.2679998874664307, 2.4976000785827637, 2.740000009536743, 2.960200071334839, 3.1511001586914062, 3.3022000789642334, 3.438300132751465, 3.5295000076293945, 3.603099822998047, 3.663599967956543, 3.7133002281188965, 3.753999948501587, 3.788599967956543, 3.81820011138916, 3.842900037765503, 3.863800048828125, 3.8828001022338867, 3.8966000080108643, 3.908400058746338, 3.918300151824951, 3.9248998165130615]}