{"test": [35.92, 35.93, 35.94, 35.97, 36.01, 36.12, 36.32, 36.54, 36.88, 37.31, 37.97, 38.52, 39.58, 41.32, 42.84, 44.69, 46.68, 47.97, 49.1, 49.79, 49.97, 49.96, 49.32, 48.8, 48.2, 47.8, 47.57, 47.28, 46.98, 46.74, 46.67, 46.51, 46.32, 46.25, 46.21, 46.15, 46.15, 46.11, 46.07], "val": [35.261900019916354, 35.251941844254134, 35.251941844254134, 35.27185819557857, 35.31169089822745, 35.35152360087632, 35.471021708822946, 35.72993427604063, 36.06851224855606, 36.54650468034256, 37.24357697669787, 38.3788090021908, 39.42441744672376, 40.818562039434376, 42.421828321051585, 43.87572196773551, 45.658235411272656, 47.20175263891655, 48.814977096195975, 49.571798446524596, 50.05974905397331, 49.83071101374228, 49.54192391953794, 49.382593108942444, 48.78510256920932, 48.57598088030273, 48.287193786098385, 47.98844851623183, 47.789285002987455, 47.619996016729736, 47.610037841067516, 47.43079067914758, 47.261501692889865, 47.19179446325433, 47.07229635530771, 46.94284007169887, 46.91296554471221, 46.893049193387775, 46.863174666401115], "flops": [1.0009000301361084, 1.0017000436782837, 1.0011999607086182, 1.0025999546051025, 1.0052000284194946, 1.0091999769210815, 1.0159000158309937, 1.028499960899353, 1.0460000038146973, 1.0673000812530518, 1.1022999286651611, 1.1526999473571777, 1.2172999382019043, 1.3128000497817993, 1.4315999746322632, 1.590000033378601, 1.7811000347137451, 2.0033998489379883, 2.2505998611450195, 2.50570011138916, 2.748199939727783, 2.959199905395508, 3.140399932861328, 3.2933998107910156, 3.4282000064849854, 3.526399850845337, 3.6038999557495117, 3.6721999645233154, 3.7255001068115234, 3.7683000564575195, 3.801100015640259, 3.8248000144958496, 3.846799850463867, 3.866799831390381, 3.882699966430664, 3.897599935531616, 3.9082000255584717, 3.919300079345703, 3.927000045776367]}