{"test": [8.87, 8.91, 8.88, 8.88, 8.89, 9.01, 9.14, 9.42, 9.67, 10.03, 10.8, 11.72, 12.94, 14.41, 16.73, 19.49, 23.01, 26.66, 30.21, 33.87, 37.5, 40.42, 42.8, 44.42, 45.63, 46.41, 46.95, 47.13, 47.33, 47.51, 47.77, 47.9, 47.95, 48.0, 48.09, 48.12, 48.17, 48.17, 48.2], "val": [8.703445528779127, 8.703445528779127, 8.69348735311691, 8.713403704441346, 8.75323640709022, 8.812985461063533, 8.962358095996814, 9.14160525791675, 9.340768771161123, 9.81876120294762, 10.605457080262896, 11.441943835889266, 12.607050388368851, 14.190400318661622, 16.75960963951404, 19.776936865166302, 23.03326030671181, 26.757618004381598, 30.711013742282415, 34.395538737303326, 38.0601473809998, 40.7787293367855, 42.97948615813583, 44.86158135829516, 46.20593507269468, 47.11212905795658, 47.67974507070305, 48.01832304321848, 48.17765385381398, 48.327026488747265, 48.5062736506672, 48.62577175861382, 48.63572993427604, 48.665604461262696, 48.695478988249356, 48.70543716391157, 48.71539533957379, 48.73531169089823, 48.74526986656045], "flops": [1.0002999305725098, 1.0018000602722168, 1.001099944114685, 1.0013999938964844, 1.0027999877929688, 1.006500005722046, 1.0134999752044678, 1.022499918937683, 1.0356000661849976, 1.060499906539917, 1.0988999605178833, 1.1422001123428345, 1.208299994468689, 1.2914000749588013, 1.417099952697754, 1.5808000564575195, 1.7808001041412354, 2.0088999271392822, 2.249000072479248, 2.492300033569336, 2.7437000274658203, 2.9644999504089355, 3.145699977874756, 3.2953999042510986, 3.427299976348877, 3.529099941253662, 3.605799913406372, 3.6740000247955322, 3.7185001373291016, 3.7572999000549316, 3.792799949645996, 3.8199000358581543, 3.8454999923706055, 3.8636999130249023, 3.880500078201294, 3.897900104522705, 3.9076998233795166, 3.9173998832702637, 3.926500082015991]}