{"test": [43.97, 43.98, 44.05, 44.04, 44.11, 44.27, 44.46, 44.77, 45.29, 46.12, 46.99, 48.52, 50.27, 52.35, 54.68, 57.45, 60.88, 63.97, 66.89, 68.76, 70.12, 71.29, 71.82, 72.02, 72.19, 72.24, 72.29, 72.21, 72.18, 72.16, 72.16, 72.14, 72.14, 72.09, 72.01, 71.98, 71.97, 71.96, 71.95], "val": [44.36030290952571, 44.37026703866082, 44.39019529693105, 44.440015942606614, 44.509764846552414, 44.61937026703866, 44.83858110801116, 45.07772020725388, 45.61578318055002, 46.10402550817059, 47.0705460342766, 48.425667596652055, 49.98007174172977, 51.943005181347154, 54.513750498206456, 57.49302510960542, 60.46233559186927, 63.3419689119171, 65.82303706656039, 67.9653248306098, 69.43005181347151, 70.34675169390195, 70.98445595854922, 71.56237544838581, 71.87126345157434, 72.09047429254683, 72.11040255081706, 72.11040255081706, 72.13033080908728, 72.16022319649262, 72.1402949382224, 72.12036667995217, 72.11040255081706, 72.09047429254683, 72.0705460342766, 72.09047429254683, 72.0705460342766, 72.0705460342766, 72.0705460342766], "flops": [1.0011999607086182, 1.0008000135421753, 1.0032999515533447, 1.0054999589920044, 1.0080000162124634, 1.0131999254226685, 1.0180999040603638, 1.0292000770568848, 1.0471999645233154, 1.0752999782562256, 1.1094000339508057, 1.160599946975708, 1.2279000282287598, 1.3173999786376953, 1.4385000467300415, 1.5868998765945435, 1.774899959564209, 2.0013999938964844, 2.2390999794006348, 2.5, 2.739799976348877, 2.9686999320983887, 3.1487998962402344, 3.289400100708008, 3.4172000885009766, 3.515399932861328, 3.59879994392395, 3.663300037384033, 3.714200019836426, 3.755699872970581, 3.787099838256836, 3.8160998821258545, 3.8387999534606934, 3.861299991607666, 3.8773999214172363, 3.8913002014160156, 3.902100086212158, 3.9144999980926514, 3.922799825668335]}