{"test": [41.64, 41.64, 41.65, 41.7, 41.87, 42.05, 42.17, 42.51, 42.9, 43.43, 44.25, 45.45, 47.22, 49.5, 52.31, 55.45, 58.86, 61.73, 64.61, 66.66, 67.95, 68.99, 69.66, 69.92, 70.09, 70.14, 70.16, 70.08, 70.0, 69.92, 69.91, 69.85, 69.85, 69.87, 69.87, 69.86, 69.87, 69.87, 69.86], "val": [41.819449980071745, 41.82941410920686, 41.849342367477085, 41.86927062574731, 41.909127142287765, 42.07851733758469, 42.30769230769231, 42.61658031088083, 43.194499800717416, 43.961737744121166, 44.91829414109207, 46.27341570346751, 47.98724591470705, 49.97010761259466, 52.26185731367079, 55.350737345556, 58.38979673176564, 61.68792347548824, 64.86648066958948, 66.97887604623357, 68.44360302909526, 69.43005181347151, 69.99800717417298, 70.1574332403348, 70.20725388601036, 70.31685930649661, 70.42646472698286, 70.46632124352331, 70.48624950179354, 70.49621363092865, 70.52610601833399, 70.50617776006376, 70.52610601833399, 70.51614188919888, 70.51614188919888, 70.51614188919888, 70.51614188919888, 70.52610601833399, 70.51614188919888], "flops": [1.000599980354309, 1.000599980354309, 1.0006999969482422, 1.0019999742507935, 1.0049998760223389, 1.0094999074935913, 1.0170999765396118, 1.0276999473571777, 1.0432000160217285, 1.0616999864578247, 1.0965001583099365, 1.1446000337600708, 1.2092000246047974, 1.300299882888794, 1.4297000169754028, 1.5882999897003174, 1.7838000059127808, 2.005500078201294, 2.2567999362945557, 2.5104000568389893, 2.757999897003174, 2.974400043487549, 3.1549999713897705, 3.3080999851226807, 3.428800106048584, 3.5234999656677246, 3.6101999282836914, 3.664599895477295, 3.7167999744415283, 3.75819993019104, 3.7953999042510986, 3.8276000022888184, 3.850399971008301, 3.870500087738037, 3.8842999935150146, 3.895400047302246, 3.905900001525879, 3.9147000312805176, 3.9211997985839844]}