{"test": [49.05, 49.05, 49.06, 49.07, 49.11, 49.22, 49.39, 49.63, 50.0, 50.52, 51.25, 52.16, 53.21, 54.59, 56.66, 59.03, 61.41, 63.83, 65.98, 67.59, 68.76, 69.79, 70.23, 70.63, 70.86, 70.97, 71.03, 71.11, 71.1, 71.16, 71.19, 71.2, 71.21, 71.2, 71.2, 71.2, 71.19, 71.18, 71.19], "val": [48.854125149461936, 48.86408927859705, 48.87405340773216, 48.884017536867276, 48.95376644081307, 49.08330011956955, 49.282582702271824, 49.521721801514545, 49.94021522518932, 50.23913909924273, 50.9565563969709, 52.07253886010363, 53.27819848545237, 54.99202869669191, 56.63611000398565, 59.02750099641291, 61.189717018732566, 63.61100039856517, 65.80310880829016, 67.09844559585493, 68.38381825428458, 69.11119968114787, 69.61937026703866, 69.99800717417298, 70.25707453168593, 70.34675169390195, 70.37664408130729, 70.43642885611797, 70.4563571143882, 70.46632124352331, 70.4563571143882, 70.46632124352331, 70.47628537265842, 70.49621363092865, 70.48624950179354, 70.47628537265842, 70.49621363092865, 70.49621363092865, 70.51614188919888], "flops": [1.0024000406265259, 1.0022000074386597, 1.0025999546051025, 1.0033000707626343, 1.0049999952316284, 1.0095000267028809, 1.0149999856948853, 1.026300072669983, 1.0425000190734863, 1.065000057220459, 1.1028000116348267, 1.1486001014709473, 1.212400197982788, 1.3051999807357788, 1.4225000143051147, 1.5808000564575195, 1.7715001106262207, 2.006500005722046, 2.2525999546051025, 2.5027999877929688, 2.7543997764587402, 2.974299907684326, 3.1571998596191406, 3.310699939727783, 3.4343998432159424, 3.529400110244751, 3.60509991645813, 3.6701998710632324, 3.718900203704834, 3.7579002380371094, 3.7950000762939453, 3.819700002670288, 3.845900058746338, 3.865000009536743, 3.8817999362945557, 3.8962998390197754, 3.911400079727173, 3.919400215148926, 3.928299903869629]}