{"test": [44.58, 44.58, 44.61, 44.6, 44.66, 44.75, 44.98, 45.32, 45.75, 46.43, 47.19, 48.28, 49.73, 51.92, 54.18, 57.1, 60.26, 63.34, 65.45, 67.72, 69.37, 70.42, 71.2, 71.73, 71.74, 71.96, 71.99, 71.89, 71.85, 71.9, 71.89, 71.85, 71.89, 71.88, 71.86, 71.87, 71.83, 71.81, 71.77], "val": [44.599442008768435, 44.60940613790355, 44.61937026703866, 44.63929852530889, 44.689119170984455, 44.78876046233559, 44.97807891590275, 45.22718214428059, 45.825029892387406, 46.39298525308888, 47.10043842168194, 48.355918692706254, 49.830609804703066, 51.81347150259067, 54.71303308090873, 57.61259465922679, 60.631725787166204, 63.25229174970108, 65.91271422877641, 68.0350737345556, 69.34037465125547, 70.087684336389, 70.58589079314469, 70.93463531287365, 71.23355918692707, 71.3332004782782, 71.43284176962933, 71.45277002789956, 71.50259067357513, 71.57233957752092, 71.52251893184535, 71.60223196492626, 71.57233957752092, 71.61219609406137, 71.61219609406137, 71.61219609406137, 71.59226783579115, 71.58230370665603, 71.59226783579115], "flops": [1.0015000104904175, 1.0016000270843506, 1.0033999681472778, 1.004499912261963, 1.0055999755859375, 1.01010000705719, 1.0175999402999878, 1.0276000499725342, 1.0447999238967896, 1.0704998970031738, 1.103600025177002, 1.1476000547409058, 1.2131999731063843, 1.316999912261963, 1.4351000785827637, 1.5871000289916992, 1.7728999853134155, 2.003200054168701, 2.2411999702453613, 2.4987001419067383, 2.753499984741211, 2.964200019836426, 3.1463000774383545, 3.3054001331329346, 3.4175000190734863, 3.524199962615967, 3.6048998832702637, 3.666800022125244, 3.7224998474121094, 3.763700008392334, 3.7957000732421875, 3.8234000205993652, 3.8439998626708984, 3.864300012588501, 3.8796000480651855, 3.893699884414673, 3.9055001735687256, 3.9143998622894287, 3.9210000038146973]}