{"test": [43.7, 43.7, 43.71, 43.78, 43.85, 43.95, 44.15, 44.51, 44.96, 45.58, 46.45, 47.65, 49.36, 51.26, 53.85, 56.61, 59.79, 63.23, 65.78, 68.09, 69.97, 71.05, 71.88, 72.31, 72.47, 72.47, 72.56, 72.49, 72.44, 72.48, 72.45, 72.41, 72.36, 72.33, 72.33, 72.33, 72.37, 72.37, 72.35], "val": [43.67277799920287, 43.67277799920287, 43.67277799920287, 43.712634515743325, 43.72259864487844, 43.862096452770025, 44.10123555201275, 44.320446392985254, 44.75886807493025, 45.575926664009565, 46.54244719011558, 47.7281785571941, 49.312475089677164, 51.295336787564764, 53.74651255480271, 56.55639697090474, 59.62534874451973, 62.06656038262256, 64.99601434834595, 67.42726185731367, 68.95177361498605, 70.1574332403348, 70.77520924671184, 71.41291351135911, 71.68194499800717, 71.74172977281786, 71.75169390195298, 71.83140693503388, 71.93104822638502, 71.97090474292547, 71.97090474292547, 71.9908330011957, 72.01076125946592, 72.01076125946592, 72.01076125946592, 72.04065364687126, 72.04065364687126, 72.04065364687126, 72.02072538860104], "flops": [1.0018000602722168, 1.002500057220459, 1.0013998746871948, 1.0023999214172363, 1.0063999891281128, 1.0104999542236328, 1.018899917602539, 1.0302000045776367, 1.0460000038146973, 1.0708000659942627, 1.1044000387191772, 1.156599998474121, 1.2214999198913574, 1.3142000436782837, 1.4387999773025513, 1.5918000936508179, 1.7827999591827393, 2.009200096130371, 2.2470998764038086, 2.5041000843048096, 2.751199960708618, 2.967900037765503, 3.1442999839782715, 3.3034000396728516, 3.4187002182006836, 3.5149998664855957, 3.6013998985290527, 3.6648998260498047, 3.717900037765503, 3.7558000087738037, 3.7886998653411865, 3.8164000511169434, 3.840700149536133, 3.860499858856201, 3.8814001083374023, 3.8921000957489014, 3.9065001010894775, 3.914299964904785, 3.9238998889923096]}