{"test": [42.74, 42.74, 42.74, 42.82, 42.85, 42.97, 43.12, 43.52, 43.87, 44.5, 45.32, 46.67, 48.11, 49.91, 52.42, 55.41, 58.29, 60.96, 63.62, 66.37, 68.07, 69.3, 69.9, 70.51, 70.74, 70.97, 71.17, 71.29, 71.27, 71.23, 71.24, 71.18, 71.2, 71.24, 71.2, 71.2, 71.19, 71.19, 71.18], "val": [42.68632921482662, 42.68632921482662, 42.68632921482662, 42.70625747309685, 42.78597050617776, 42.90554005579912, 43.11478676763651, 43.44360302909526, 43.891988840175365, 44.440015942606614, 45.36667995217218, 46.51255480271024, 48.1666002391391, 50.33878039059386, 52.96931048226385, 55.74930251096054, 58.559186927062576, 61.48864089278597, 64.10920685532085, 66.27142287764049, 68.10482263850139, 69.34037465125547, 70.06775607811878, 70.4563571143882, 70.9744918294141, 71.28337983260263, 71.57233957752092, 71.6321243523316, 71.73176564368275, 71.72180151454762, 71.74172977281786, 71.74172977281786, 71.75169390195298, 71.79155041849343, 71.78158628935832, 71.79155041849343, 71.80151454762854, 71.79155041849343, 71.79155041849343], "flops": [1.0, 1.0, 1.0002000331878662, 1.0033000707626343, 1.0044000148773193, 1.0084999799728394, 1.0151000022888184, 1.0273000001907349, 1.0436999797821045, 1.066999912261963, 1.1023000478744507, 1.152999997138977, 1.2203999757766724, 1.3080999851226807, 1.434399962425232, 1.59499990940094, 1.7893999814987183, 2.0116000175476074, 2.2501001358032227, 2.5114998817443848, 2.754300117492676, 2.9632999897003174, 3.1494998931884766, 3.303299903869629, 3.4270999431610107, 3.524400234222412, 3.6010000705718994, 3.6687002182006836, 3.720600128173828, 3.7639000415802, 3.7971999645233154, 3.824000120162964, 3.8447999954223633, 3.8614001274108887, 3.8827998638153076, 3.897899866104126, 3.9077000617980957, 3.9156999588012695, 3.924999952316284]}