{"test": [12.42, 12.42, 12.42, 12.48, 12.63, 12.83, 13.07, 13.4, 13.93, 14.61, 15.8, 17.39, 19.75, 22.66, 26.53, 30.82, 36.18, 42.19, 47.98, 54.04, 58.54, 62.39, 64.68, 66.66, 67.92, 68.7, 69.18, 69.55, 69.87, 70.04, 70.13, 70.12, 70.18, 70.21, 70.25, 70.28, 70.28, 70.29, 70.3], "val": [12.534874451972897, 12.534874451972897, 12.564766839378239, 12.594659226783579, 12.674372259864487, 12.833798326026304, 13.072937425269032, 13.481466719808688, 13.999601434834595, 14.916301315265045, 16.111996811478676, 17.67636508569151, 19.738939816660025, 22.54882423276206, 26.125946592267837, 30.759266640095657, 36.23953766440813, 42.03866082104424, 48.03706656038262, 53.656835392586686, 58.250298923874055, 62.06656038262256, 64.35831008369868, 66.43084894380232, 67.46711837385412, 68.2542845755281, 68.93184535671583, 69.27062574730968, 69.50976484655241, 69.68911917098445, 69.78876046233559, 69.89836588282184, 69.93822239936229, 69.96811478676764, 69.96811478676764, 70.04782781984855, 70.05779194898366, 70.07772020725389, 70.07772020725389], "flops": [1.000599980354309, 1.000599980354309, 1.0003999471664429, 1.001099944114685, 1.0049999952316284, 1.0108000040054321, 1.019700050354004, 1.0314000844955444, 1.045799970626831, 1.0683000087738037, 1.1006001234054565, 1.1516999006271362, 1.2283000946044922, 1.315999984741211, 1.4398000240325928, 1.5933998823165894, 1.7813999652862549, 2.0085999965667725, 2.240600109100342, 2.503000259399414, 2.7367000579833984, 2.9679999351501465, 3.1435000896453857, 3.30649995803833, 3.424099922180176, 3.524199962615967, 3.5980000495910645, 3.6679999828338623, 3.720900058746338, 3.7578999996185303, 3.7936999797821045, 3.821000099182129, 3.8461999893188477, 3.865000009536743, 3.8798000812530518, 3.8926000595092773, 3.9056999683380127, 3.914599895477295, 3.924299955368042]}