{"test": [44.15, 44.15, 44.16, 44.16, 44.19, 44.26, 44.56, 44.81, 45.32, 45.89, 46.82, 47.94, 49.54, 51.45, 54.03, 57.21, 59.98, 63.36, 66.2, 68.5, 70.17, 71.52, 72.42, 72.85, 73.08, 73.16, 73.12, 73.15, 73.15, 73.19, 73.15, 73.1, 73.05, 73.04, 73.03, 73.05, 73.04, 73.05, 73.05], "val": [43.40506076907751, 43.415022912930866, 43.42498505678422, 43.44490934449094, 43.49472006375772, 43.624227933851365, 43.80354652321179, 44.11237298266587, 44.739988045427374, 45.4572624028691, 46.4833632197649, 47.64893405060769, 49.49193066347878, 51.60390516039052, 54.114365411436545, 57.033273560470214, 60.36062960749153, 63.42896991432556, 66.43753735803945, 68.97788404064555, 70.61167563259613, 71.84698147041243, 72.365012950787, 72.67383941024109, 72.92289300657501, 73.03247658896194, 73.1121737397888, 73.21179517832238, 73.24168160988245, 73.29149232914924, 73.29149232914924, 73.32137876070931, 73.27156804144252, 73.29149232914924, 73.31141661685595, 73.29149232914924, 73.28153018529588, 73.28153018529588, 73.28153018529588], "flops": [1.0002999305725098, 1.0006999969482422, 1.0011999607086182, 1.0023000240325928, 1.0037000179290771, 1.0077999830245972, 1.0174000263214111, 1.027400016784668, 1.0468999147415161, 1.0684000253677368, 1.104200005531311, 1.1503000259399414, 1.2151999473571777, 1.303200125694275, 1.426200032234192, 1.5745999813079834, 1.761699914932251, 1.9778000116348267, 2.224100112915039, 2.483299970626831, 2.716899871826172, 2.9488000869750977, 3.1510000228881836, 3.309000015258789, 3.423099994659424, 3.5170998573303223, 3.6013998985290527, 3.6732001304626465, 3.7342000007629395, 3.7730000019073486, 3.8012001514434814, 3.828900098800659, 3.8488998413085938, 3.868000030517578, 3.8831000328063965, 3.8961000442504883, 3.9089999198913574, 3.9185001850128174, 3.9267001152038574]}