{"test": [41.09, 41.09, 41.1, 41.14, 41.2, 41.3, 41.45, 41.7, 42.23, 43.01, 43.95, 45.1, 46.89, 48.92, 51.54, 54.47, 57.3, 60.29, 62.89, 64.96, 66.7, 68.17, 68.8, 69.06, 69.32, 69.36, 69.38, 69.41, 69.39, 69.39, 69.36, 69.35, 69.37, 69.38, 69.38, 69.41, 69.4, 69.4, 69.39], "val": [41.60191273161985, 41.60191273161985, 41.611874875473205, 41.64176130703327, 41.73142060171349, 41.821079896393705, 42.12990635584778, 42.48854353456864, 42.95676429567643, 43.72384937238494, 44.739988045427374, 45.78601315002989, 47.46961546124726, 49.54174138274557, 51.93265590755131, 54.741980474198044, 57.63100219167165, 60.928471807132894, 63.80753138075314, 66.20840804941223, 67.55329746961546, 68.59932257421796, 69.19705120541941, 69.49591552102012, 69.67523411038056, 69.81470412432756, 69.88443913130105, 69.90436341900777, 69.97409842598127, 70.00398485754134, 69.99402271368798, 69.96413628212791, 69.9442119944212, 69.93424985056784, 69.9442119944212, 69.9442119944212, 69.93424985056784, 69.9442119944212, 69.93424985056784], "flops": [1.0011999607086182, 1.0006998777389526, 1.0010000467300415, 1.0017000436782837, 1.0029000043869019, 1.0069999694824219, 1.013100028038025, 1.0226999521255493, 1.0414999723434448, 1.066100001335144, 1.1029000282287598, 1.1496000289916992, 1.214400053024292, 1.3034999370574951, 1.4193000793457031, 1.5727999210357666, 1.76580011844635, 1.9946000576019287, 2.2560999393463135, 2.4993999004364014, 2.746799945831299, 2.9577999114990234, 3.1424999237060547, 3.3029000759124756, 3.4292001724243164, 3.534600019454956, 3.6068999767303467, 3.667300224304199, 3.719899892807007, 3.764899730682373, 3.8021998405456543, 3.8259999752044678, 3.852100133895874, 3.869500160217285, 3.885499954223633, 3.897400140762329, 3.9061999320983887, 3.913599967956543, 3.922100067138672]}