{"test": [49.18, 49.19, 49.2, 49.24, 49.29, 49.39, 49.51, 49.77, 50.1, 50.53, 50.99, 51.83, 53.06, 54.35, 56.38, 58.44, 60.79, 63.24, 65.32, 67.18, 68.35, 69.32, 69.86, 70.26, 70.47, 70.63, 70.7, 70.79, 70.8, 70.86, 70.84, 70.84, 70.86, 70.86, 70.87, 70.88, 70.89, 70.89, 70.88], "val": [47.479577605100616, 47.479577605100616, 47.48953974895397, 47.5293883243674, 47.60908547519426, 47.74855548914126, 47.87806335923491, 48.11715481171548, 48.56545128511656, 49.322574217971706, 50.08965929468022, 51.18549511854951, 52.21159593544531, 53.89519824666268, 55.7780434349472, 58.16895795975294, 60.36062960749153, 62.87108985853756, 65.08268579398286, 67.0551902769476, 68.2207611077904, 69.15720263000598, 69.63538553496713, 69.96413628212791, 70.23311416616856, 70.2231520223152, 70.39250846782228, 70.45228133094241, 70.44231918708905, 70.49212990635584, 70.48216776250248, 70.51205419406256, 70.5020920502092, 70.51205419406256, 70.51205419406256, 70.5020920502092, 70.51205419406256, 70.51205419406256, 70.53197848176927], "flops": [1.000599980354309, 1.0011999607086182, 1.001099944114685, 1.0029000043869019, 1.0053999423980713, 1.0104999542236328, 1.016300082206726, 1.0269999504089355, 1.04669988155365, 1.069700002670288, 1.0999000072479248, 1.1449999809265137, 1.2122000455856323, 1.2979999780654907, 1.4136000871658325, 1.567099928855896, 1.760200023651123, 1.985300064086914, 2.230299949645996, 2.487100124359131, 2.7361998558044434, 2.958400011062622, 3.144899845123291, 3.2919998168945312, 3.4144999980926514, 3.5174999237060547, 3.601599931716919, 3.665900230407715, 3.718100070953369, 3.761000156402588, 3.7904999256134033, 3.8197999000549316, 3.840099811553955, 3.8612000942230225, 3.8776001930236816, 3.8881001472473145, 3.8975000381469727, 3.9077000617980957, 3.916900157928467]}