{"test": [45.76, 45.76, 45.78, 45.8, 45.84, 45.94, 46.09, 46.5, 46.8, 47.5, 48.21, 49.12, 50.49, 52.45, 54.55, 57.16, 60.0, 62.83, 65.41, 67.43, 68.81, 70.13, 70.47, 70.8, 70.8, 70.9, 70.95, 71.0, 70.96, 70.92, 70.87, 70.88, 70.84, 70.81, 70.84, 70.82, 70.8, 70.78, 70.77], "val": [44.819685196254234, 44.80972305240088, 44.83960948396095, 44.849571627814306, 44.91930663478781, 44.989041641761304, 45.23809523809524, 45.47718669057581, 45.965331739390315, 46.772265391512256, 47.5293883243674, 48.66507272365013, 50.43833432954772, 52.34110380553895, 54.572624028690974, 57.481570033871286, 60.36062960749153, 63.39908348276549, 65.85973301454473, 67.83223749750947, 69.08746762303248, 69.76489340506077, 70.25303845387528, 70.75114564654314, 70.89061566049014, 70.88065351663678, 70.99023709902372, 71.04004781829049, 71.02012353058379, 71.00019924287707, 71.01016138673043, 71.05000996214385, 71.06993424985056, 71.06993424985056, 71.04004781829049, 71.03008567443715, 71.03008567443715, 71.00019924287707, 70.99023709902372], "flops": [1.0011999607086182, 1.0011999607086182, 1.002500057220459, 1.0024000406265259, 1.00409996509552, 1.0087000131607056, 1.0152000188827515, 1.0292999744415283, 1.044600009918213, 1.0707000494003296, 1.1057000160217285, 1.1535000801086426, 1.213900089263916, 1.3047000169754028, 1.4214999675750732, 1.5676000118255615, 1.7628998756408691, 1.993299961090088, 2.2304999828338623, 2.498300075531006, 2.7430999279022217, 2.973299980163574, 3.153599977493286, 3.302500009536743, 3.4253997802734375, 3.526400089263916, 3.6059999465942383, 3.6738998889923096, 3.7214999198913574, 3.763700008392334, 3.795499801635742, 3.8249998092651367, 3.849900007247925, 3.8690998554229736, 3.8877999782562256, 3.90120005607605, 3.9113998413085938, 3.923099994659424, 3.9311001300811768]}