{"test": [42.93, 42.94, 42.92, 42.94, 42.95, 43.04, 43.14, 43.41, 43.85, 44.61, 45.51, 46.75, 48.01, 50.2, 52.63, 55.52, 58.72, 61.99, 65.2, 67.73, 69.09, 70.39, 71.35, 71.91, 72.44, 72.7, 72.62, 72.62, 72.69, 72.69, 72.72, 72.67, 72.68, 72.67, 72.67, 72.68, 72.67, 72.67, 72.68], "val": [42.46861924686193, 42.478581390715284, 42.498505678422, 42.53835425383542, 42.58816497310221, 42.69774855548914, 42.966726439529786, 43.215780035863716, 43.664076509264795, 44.21199442119944, 45.23809523809524, 46.662681809125324, 48.36620840804941, 50.68738792588165, 53.06834030683403, 55.69834628412034, 58.985853755728236, 62.33313409045627, 65.28192867105001, 67.66288105200239, 69.72504482964735, 70.78103207810321, 71.36879856545129, 71.90675433353258, 72.2056186491333, 72.34508866308029, 72.42478581390715, 72.46463438932058, 72.52440725244072, 72.52440725244072, 72.59414225941423, 72.61406654712094, 72.63399083482766, 72.63399083482766, 72.61406654712094, 72.60410440326758, 72.61406654712094, 72.63399083482766, 72.64395297868101], "flops": [1.000599980354309, 1.0011999607086182, 1.0011999607086182, 1.0023000240325928, 1.0039000511169434, 1.0098999738693237, 1.0149000883102417, 1.0247999429702759, 1.040000081062317, 1.0638998746871948, 1.0993000268936157, 1.1439000368118286, 1.2067999839782715, 1.2996000051498413, 1.4174000024795532, 1.5770000219345093, 1.756500005722046, 1.9807000160217285, 2.236999988555908, 2.4871997833251953, 2.727799892425537, 2.945199966430664, 3.1440999507904053, 3.3046000003814697, 3.427999973297119, 3.5329999923706055, 3.6094000339508057, 3.6679000854492188, 3.727099895477295, 3.7678000926971436, 3.8036999702453613, 3.828400135040283, 3.85260009765625, 3.8698999881744385, 3.8849000930786133, 3.898699998855591, 3.909799814224243, 3.9189000129699707, 3.928500175476074]}