{"test": [42.07, 42.07, 42.07, 42.08, 42.08, 42.17, 42.4, 42.74, 43.1, 43.67, 44.53, 45.5, 46.98, 48.9, 51.18, 54.14, 57.3, 59.95, 63.24, 65.62, 67.34, 68.35, 69.24, 69.62, 69.79, 70.09, 70.19, 70.23, 70.27, 70.23, 70.2, 70.17, 70.19, 70.16, 70.19, 70.21, 70.18, 70.17, 70.18], "val": [42.070133492727635, 42.06017134887428, 42.10001992428771, 42.15979278740785, 42.239489938234705, 42.36899780832835, 42.55827854154214, 42.83721856943614, 43.31540147439729, 44.05260011954573, 44.80972305240088, 46.09483960948396, 47.69874476987448, 49.58158995815899, 52.01235305837816, 54.91133691970512, 58.10918509663279, 61.207411835026896, 64.22594142259415, 66.62681809125324, 68.38015540944411, 69.56565052799363, 70.09364415222156, 70.31281131699542, 70.59175134488942, 70.7611077903965, 70.88065351663678, 71.02012353058379, 71.07989639370392, 71.03008567443715, 71.03008567443715, 71.01016138673043, 71.04004781829049, 71.06993424985056, 71.0599721059972, 71.0599721059972, 71.06993424985056, 71.02012353058379, 71.04004781829049], "flops": [1.0, 1.0, 1.0002999305725098, 1.0009000301361084, 1.0024999380111694, 1.0068999528884888, 1.0144000053405762, 1.025399923324585, 1.0414999723434448, 1.0651999711990356, 1.0987999439239502, 1.145400047302246, 1.2075999975204468, 1.303299903869629, 1.4129999876022339, 1.5652999877929688, 1.766200065612793, 1.987800121307373, 2.243799924850464, 2.4953999519348145, 2.740300178527832, 2.954200029373169, 3.1332998275756836, 3.292299747467041, 3.4106998443603516, 3.5199999809265137, 3.5967001914978027, 3.6677000522613525, 3.723099946975708, 3.765699863433838, 3.796799898147583, 3.825500011444092, 3.8485000133514404, 3.8661999702453613, 3.8873000144958496, 3.8996999263763428, 3.9123001098632812, 3.9229001998901367, 3.929500102996826]}