{"test": [12.39, 12.39, 12.39, 12.43, 12.49, 12.61, 12.93, 13.3, 13.78, 14.6, 15.64, 16.98, 19.14, 21.83, 25.81, 29.98, 34.97, 41.12, 47.21, 53.36, 57.91, 61.9, 64.31, 66.33, 67.67, 68.4, 69.08, 69.51, 69.82, 69.92, 70.15, 70.26, 70.3, 70.34, 70.34, 70.38, 70.38, 70.44, 70.47], "val": [12.163777644949192, 12.163777644949192, 12.183701932655907, 12.183701932655907, 12.223550508069337, 12.343096234309623, 12.61207411835027, 13.090257023311416, 13.707909942219565, 14.684200039848575, 15.720263000597729, 17.1946602908946, 19.396294082486552, 22.25542936840008, 25.961346881848975, 30.49412233512652, 35.9035664474995, 41.990436341900775, 47.89798764694162, 53.44690177326161, 58.20880653516637, 61.52620043833433, 63.96692568240685, 65.92946802151823, 67.30424387328154, 68.14106395696354, 68.71886830045825, 69.06754333532577, 69.36640765092648, 69.46602908946005, 69.54572624028691, 69.65530982267384, 69.70512054194063, 69.72504482964735, 69.76489340506077, 69.77485554891413, 69.79477983662085, 69.79477983662085, 69.75493126120742], "flops": [1.0, 1.0, 1.000100016593933, 1.0010000467300415, 1.0027999877929688, 1.0062999725341797, 1.0139000415802002, 1.0240999460220337, 1.039099931716919, 1.0634000301361084, 1.0937999486923218, 1.136799931526184, 1.2092000246047974, 1.2971000671386719, 1.4199999570846558, 1.5650999546051025, 1.7493000030517578, 1.9783000946044922, 2.2304999828338623, 2.494499921798706, 2.7230000495910645, 2.9474000930786133, 3.128200054168701, 3.294300079345703, 3.420599937438965, 3.519200086593628, 3.6018998622894287, 3.6617000102996826, 3.7125000953674316, 3.754000186920166, 3.7952001094818115, 3.8226001262664795, 3.84660005569458, 3.867799997329712, 3.885699987411499, 3.8976998329162598, 3.908599853515625, 3.918099880218506, 3.928100109100342]}