{"test": [54.03, 54.03, 54.04, 54.05, 54.12, 54.23, 54.4, 54.78, 55.2, 55.79, 56.58, 57.6, 58.63, 60.21, 62.36, 64.57, 66.88, 68.97, 70.23, 71.44, 72.52, 73.0, 73.21, 73.48, 73.54, 73.55, 73.61, 73.68, 73.66, 73.66, 73.68, 73.66, 73.66, 73.67, 73.67, 73.67, 73.66, 73.65, 73.65], "val": [53.93583100836987, 53.94579513750498, 53.955759266640094, 53.99561578318055, 54.115185332801914, 54.264647269828615, 54.473893981666, 54.79274611398964, 55.20127540852929, 55.83897967317657, 56.566361100039856, 57.333599043443606, 58.70864886408928, 60.55201275408529, 62.57473096851335, 64.59744918294142, 66.89916301315264, 69.15105619768832, 71.3332004782782, 72.55878836189717, 73.58509366281388, 74.24272618573137, 74.45197289756875, 74.45197289756875, 74.46193702670386, 74.4918294141092, 74.46193702670386, 74.51175767237943, 74.52172180151454, 74.53168593064966, 74.54165005978477, 74.561578318055, 74.561578318055, 74.57154244719011, 74.561578318055, 74.561578318055, 74.561578318055, 74.55161418891988, 74.55161418891988], "flops": [1.0002999305725098, 1.0002999305725098, 1.000999927520752, 1.0026999711990356, 1.0047999620437622, 1.0090999603271484, 1.014299988746643, 1.0277998447418213, 1.0464999675750732, 1.0734000205993652, 1.110300064086914, 1.1578000783920288, 1.223699927330017, 1.309499979019165, 1.4313000440597534, 1.5879000425338745, 1.7847000360488892, 2.023900032043457, 2.2640998363494873, 2.5123000144958496, 2.762500047683716, 2.972900152206421, 3.1484999656677246, 3.301300048828125, 3.4240000247955322, 3.5190000534057617, 3.5953001976013184, 3.656400203704834, 3.7070999145507812, 3.75249981880188, 3.786099910736084, 3.810699939727783, 3.835400104522705, 3.8585000038146973, 3.8761000633239746, 3.891200065612793, 3.9031999111175537, 3.91510009765625, 3.9221999645233154]}