{"test": [53.19, 53.19, 53.21, 53.26, 53.3, 53.42, 53.6, 53.85, 54.34, 55.06, 55.89, 57.0, 58.63, 60.32, 62.44, 64.93, 67.07, 69.09, 70.93, 72.57, 73.26, 74.0, 74.53, 74.68, 74.75, 74.82, 74.79, 74.79, 74.8, 74.77, 74.76, 74.77, 74.78, 74.78, 74.78, 74.77, 74.77, 74.77, 74.77], "val": [54.025508170585894, 54.03547229972101, 54.04543642885612, 54.085292945396574, 54.16500597847748, 54.334396173774415, 54.513750498206456, 54.83260263053009, 55.19131127939418, 55.77919489836588, 56.73575129533679, 57.811877241929054, 59.166998804304505, 60.86090075727381, 62.9035472299721, 65.1056197688322, 67.17815862893583, 69.45994420087685, 71.38302112395377, 72.51893184535672, 73.50538062973295, 74.20286966919092, 74.48186528497409, 74.70107612594659, 74.66121960940613, 74.65125548027102, 74.65125548027102, 74.6412913511359, 74.6412913511359, 74.6412913511359, 74.65125548027102, 74.66121960940613, 74.68114786767636, 74.68114786767636, 74.67118373854125, 74.67118373854125, 74.67118373854125, 74.67118373854125, 74.67118373854125], "flops": [1.000599980354309, 1.000599980354309, 1.0015000104904175, 1.0025999546051025, 1.0048999786376953, 1.0078999996185303, 1.0146000385284424, 1.0239999294281006, 1.0428999662399292, 1.0676000118255615, 1.1054999828338623, 1.157599925994873, 1.223699927330017, 1.3057001829147339, 1.4329999685287476, 1.5964999198913574, 1.7792000770568848, 2.0090999603271484, 2.2641000747680664, 2.5205001831054688, 2.7434000968933105, 2.957200050354004, 3.1414999961853027, 3.3010001182556152, 3.425100088119507, 3.5268001556396484, 3.609800100326538, 3.6726999282836914, 3.719899892807007, 3.756700038909912, 3.788800001144409, 3.819999933242798, 3.8424999713897705, 3.8615000247955322, 3.8780999183654785, 3.89139986038208, 3.906100034713745, 3.915300130844116, 3.921099901199341]}