{"test": [55.8, 55.8, 55.8, 55.8, 55.84, 55.98, 56.11, 56.31, 56.61, 57.06, 57.84, 58.45, 59.43, 60.67, 62.1, 63.8, 65.59, 67.33, 68.37, 69.43, 70.1, 70.64, 71.04, 71.26, 71.31, 71.32, 71.37, 71.4, 71.41, 71.35, 71.34, 71.36, 71.37, 71.36, 71.35, 71.37, 71.39, 71.39, 71.4], "val": [56.24750896771622, 56.24750896771622, 56.26743722598645, 56.27740135512156, 56.36707851733758, 56.36707851733758, 56.49661219609406, 56.66600239139099, 56.91510561976883, 57.35352730171383, 57.971303308090874, 58.89796731765644, 59.97409326424871, 61.279394180948586, 62.654444001594264, 64.47787963332004, 66.08210442407334, 67.6664009565564, 68.57313670785173, 69.4200876843364, 70.40653646871263, 70.85492227979275, 71.1239537664408, 71.30330809087286, 71.31327222000797, 71.37305699481865, 71.39298525308888, 71.39298525308888, 71.41291351135911, 71.402949382224, 71.41291351135911, 71.402949382224, 71.41291351135911, 71.44280589876445, 71.43284176962933, 71.43284176962933, 71.44280589876445, 71.44280589876445, 71.44280589876445], "flops": [1.000599980354309, 1.0006999969482422, 1.000599980354309, 1.0015000104904175, 1.0032999515533447, 1.00819993019104, 1.0149999856948853, 1.0262000560760498, 1.045300006866455, 1.0719000101089478, 1.1080999374389648, 1.1583999395370483, 1.2234001159667969, 1.3086999654769897, 1.4316999912261963, 1.5842000246047974, 1.7785999774932861, 2.004199981689453, 2.247799873352051, 2.5099000930786133, 2.7527999877929688, 2.9584999084472656, 3.151400089263916, 3.2961997985839844, 3.420799970626831, 3.521399974822998, 3.590700149536133, 3.656599998474121, 3.712599754333496, 3.7548999786376953, 3.793299913406372, 3.8245999813079834, 3.846400022506714, 3.8653998374938965, 3.8787999153137207, 3.8922998905181885, 3.905900001525879, 3.9170000553131104, 3.9245998859405518]}