{"test": [53.25, 53.25, 53.25, 53.33, 53.37, 53.56, 53.65, 53.99, 54.56, 55.0, 55.64, 56.6, 57.83, 59.48, 61.54, 63.58, 66.06, 68.37, 70.06, 71.32, 72.13, 72.71, 73.24, 73.31, 73.31, 73.38, 73.37, 73.43, 73.4, 73.39, 73.37, 73.35, 73.35, 73.34, 73.34, 73.35, 73.35, 73.35, 73.35], "val": [53.537265842965326, 53.537265842965326, 53.54722997210044, 53.55719410123555, 53.626943005181346, 53.72658429653249, 53.84615384615385, 54.055400557991234, 54.43403746512555, 55.01195695496214, 55.858907931446794, 56.9649262654444, 58.280191311279395, 60.06377042646473, 61.75767237943404, 64.15902750099642, 66.43084894380232, 68.8421681944998, 70.40653646871263, 71.68194499800717, 72.51893184535672, 72.89756875249103, 73.07692307692308, 73.37584695097648, 73.3858110801116, 73.41570346751693, 73.4655241131925, 73.48545237146273, 73.50538062973295, 73.4655241131925, 73.4655241131925, 73.49541650059784, 73.48545237146273, 73.48545237146273, 73.48545237146273, 73.48545237146273, 73.49541650059784, 73.49541650059784, 73.49541650059784], "flops": [1.0002999305725098, 1.0002999305725098, 1.0003000497817993, 1.002099871635437, 1.003999948501587, 1.009600043296814, 1.0149999856948853, 1.0257999897003174, 1.0469000339508057, 1.0735000371932983, 1.1129000186920166, 1.1588000059127808, 1.2282999753952026, 1.3202000856399536, 1.4390000104904175, 1.597000002861023, 1.7893998622894287, 2.02020001411438, 2.266900062561035, 2.5078001022338867, 2.752699851989746, 2.9654998779296875, 3.1480000019073486, 3.3000998497009277, 3.428500175476074, 3.5334999561309814, 3.6052000522613525, 3.6702001094818115, 3.7248001098632812, 3.7643001079559326, 3.7913999557495117, 3.817699909210205, 3.8425002098083496, 3.8608999252319336, 3.8808000087738037, 3.8947999477386475, 3.9045000076293945, 3.913599967956543, 3.922800064086914]}