{"test": [53.28, 53.27, 53.27, 53.29, 53.33, 53.44, 53.66, 53.9, 54.37, 54.76, 55.51, 56.69, 57.92, 59.52, 61.32, 63.48, 65.92, 68.49, 70.17, 71.38, 72.57, 73.19, 73.6, 73.63, 73.65, 73.71, 73.71, 73.71, 73.72, 73.76, 73.77, 73.76, 73.76, 73.79, 73.77, 73.78, 73.78, 73.78, 73.78], "val": [52.80988441610203, 52.80988441610203, 52.80988441610203, 52.83977680350738, 52.87963332004783, 53.039059386209644, 53.21841371064169, 53.567158230370666, 53.985651654045434, 54.59346353128736, 55.38062973296134, 56.48664806695895, 57.89159027500997, 59.65524113192507, 61.62813870067756, 63.95974491829414, 66.33120765245117, 68.53328019131128, 70.1574332403348, 72.05061777600638, 72.85771223595057, 73.43563172578716, 73.79434037465126, 73.98365882821841, 74.1929055400558, 74.24272618573137, 74.28258270227182, 74.4121163810283, 74.42208051016341, 74.38222399362296, 74.39218812275807, 74.40215225189318, 74.42208051016341, 74.42208051016341, 74.43204463929852, 74.42208051016341, 74.42208051016341, 74.42208051016341, 74.42208051016341], "flops": [1.0026999711990356, 1.0010000467300415, 1.001099944114685, 1.0019999742507935, 1.00409996509552, 1.008099913597107, 1.0164000988006592, 1.0261000394821167, 1.0434999465942383, 1.0643000602722168, 1.0987999439239502, 1.1519999504089355, 1.2181999683380127, 1.3053001165390015, 1.4297000169754028, 1.5793999433517456, 1.7683000564575195, 2.0047998428344727, 2.2711000442504883, 2.5135998725891113, 2.751699924468994, 2.968400001525879, 3.1438000202178955, 3.300100088119507, 3.426499843597412, 3.5225000381469727, 3.600800037384033, 3.662600040435791, 3.712900161743164, 3.7554001808166504, 3.790600061416626, 3.818000078201294, 3.837599992752075, 3.857100009918213, 3.8750998973846436, 3.891400098800659, 3.9025001525878906, 3.9113998413085938, 3.9223999977111816]}