{"test": [51.96, 51.97, 51.99, 52.0, 52.06, 52.16, 52.31, 52.78, 53.36, 53.9, 54.69, 55.7, 56.9, 58.57, 60.54, 62.82, 65.26, 67.29, 69.26, 70.49, 71.27, 71.78, 72.3, 72.45, 72.46, 72.42, 72.46, 72.41, 72.41, 72.44, 72.43, 72.42, 72.42, 72.42, 72.42, 72.42, 72.42, 72.42, 72.42], "val": [51.69390195296931, 51.69390195296931, 51.71383021123954, 51.733758469509766, 51.77361498605022, 51.92307692307692, 52.14228776404942, 52.491032283778395, 52.7899561578318, 53.48744519728976, 54.22479075328816, 55.36070147469111, 56.75567955360702, 58.459545635711436, 60.751295336787564, 62.93343961737744, 64.8066958947788, 66.99880430450379, 68.95177361498605, 70.41650059784774, 71.34316460741331, 72.15025906735751, 72.44918294141092, 72.7281785571941, 72.84774810681546, 72.89756875249103, 72.95735352730172, 72.95735352730172, 72.97728178557195, 72.97728178557195, 72.97728178557195, 73.0171383021124, 73.02710243124751, 73.0171383021124, 73.0171383021124, 73.0171383021124, 73.0171383021124, 73.0171383021124, 73.02710243124751], "flops": [1.0, 1.0009000301361084, 1.0015000104904175, 1.0019999742507935, 1.0054999589920044, 1.0091999769210815, 1.015700101852417, 1.0280998945236206, 1.0459998846054077, 1.0696001052856445, 1.1070001125335693, 1.1482999324798584, 1.219099998474121, 1.3088001012802124, 1.4251998662948608, 1.5852999687194824, 1.7907999753952026, 2.0134999752044678, 2.2648000717163086, 2.508699893951416, 2.7613000869750977, 2.971099853515625, 3.1476998329162598, 3.295100212097168, 3.4148001670837402, 3.5223000049591064, 3.5989999771118164, 3.663599967956543, 3.71560001373291, 3.7582998275756836, 3.7934999465942383, 3.8215999603271484, 3.8447999954223633, 3.860599994659424, 3.8776001930236816, 3.891400098800659, 3.905399799346924, 3.914299964904785, 3.9229001998901367]}