{"test": [44.83, 44.84, 44.86, 44.9, 45.0, 45.27, 45.44, 45.74, 46.2, 46.94, 47.71, 48.91, 50.35, 52.57, 55.11, 57.96, 61.03, 64.43, 66.77, 68.76, 70.24, 70.78, 71.51, 71.86, 72.07, 72.15, 72.25, 72.26, 72.29, 72.29, 72.29, 72.28, 72.26, 72.25, 72.25, 72.25, 72.25, 72.25, 72.25], "val": [44.67915504184934, 44.67915504184934, 44.67915504184934, 44.73893981666002, 44.78876046233559, 44.89836588282184, 45.09764846552412, 45.396572339577524, 45.944599442008766, 46.72180151454763, 47.7281785571941, 48.81426863292148, 50.69748903945795, 52.95934635312874, 55.42048624950179, 58.71861299322439, 61.797528895974494, 64.64726982861698, 67.06855320844959, 69.16102032682343, 70.53607014746912, 71.21363092865684, 71.7018732562774, 72.08051016341172, 72.31964926265444, 72.52889597449183, 72.64846552411319, 72.7281785571941, 72.76803507373455, 72.76803507373455, 72.77799920286967, 72.77799920286967, 72.76803507373455, 72.75807094459944, 72.75807094459944, 72.75807094459944, 72.75807094459944, 72.75807094459944, 72.75807094459944], "flops": [1.0011999607086182, 1.002500057220459, 1.0020999908447266, 1.0031999349594116, 1.0056999921798706, 1.0135999917984009, 1.020300030708313, 1.0312999486923218, 1.0472999811172485, 1.0733000040054321, 1.1090999841690063, 1.1553000211715698, 1.2162001132965088, 1.31440007686615, 1.4353001117706299, 1.5951999425888062, 1.7793999910354614, 2.0171000957489014, 2.2607998847961426, 2.5107998847961426, 2.7526001930236816, 2.963099956512451, 3.141900062561035, 3.2948999404907227, 3.4201998710632324, 3.5276999473571777, 3.6068999767303467, 3.6663999557495117, 3.7196998596191406, 3.7569000720977783, 3.7908999919891357, 3.819200038909912, 3.8398001194000244, 3.8594000339508057, 3.875800132751465, 3.890399932861328, 3.902100086212158, 3.912400007247925, 3.9199001789093018]}