{"test": [48.91, 48.91, 48.93, 48.95, 49.05, 49.16, 49.33, 49.51, 49.87, 50.4, 50.99, 52.1, 53.14, 54.45, 56.21, 58.31, 60.28, 61.93, 63.65, 64.77, 65.11, 65.2, 64.94, 64.53, 64.39, 64.33, 64.36, 64.28, 64.28, 64.18, 64.19, 64.21, 64.23, 64.22, 64.22, 64.22, 64.22, 64.22, 64.22], "val": [49.30292770364469, 49.30292770364469, 49.28301135232026, 49.28301135232026, 49.33280223063135, 49.40250946026688, 49.591714797849036, 49.870543716391154, 50.21907986456881, 50.71698864767974, 51.48376817367058, 52.35012945628361, 53.4654451304521, 54.94921330412269, 56.701852220673175, 58.73332005576578, 60.42620991834296, 62.27843059151564, 63.57299342760406, 64.25014937263494, 64.32981477793268, 64.56881099382593, 64.6584345747859, 64.64847639912368, 64.45927106154153, 64.29994025094602, 64.11073491336387, 64.11073491336387, 63.9115714001195, 63.9115714001195, 63.831905994821746, 63.82194781915953, 63.831905994821746, 63.831905994821746, 63.82194781915953, 63.82194781915953, 63.82194781915953, 63.82194781915953, 63.80203146783509], "flops": [1.0002999305725098, 1.000100016593933, 1.000599980354309, 1.0018999576568604, 1.0051000118255615, 1.0094000101089478, 1.0164998769760132, 1.0276999473571777, 1.042699933052063, 1.0662999153137207, 1.1028000116348267, 1.1542999744415283, 1.2193999290466309, 1.3006999492645264, 1.4273998737335205, 1.5782999992370605, 1.7689000368118286, 2.000499963760376, 2.2690000534057617, 2.510699987411499, 2.754300117492676, 2.966899871826172, 3.1516001224517822, 3.3046000003814697, 3.433799982070923, 3.5332999229431152, 3.6044998168945312, 3.6654000282287598, 3.7167999744415283, 3.757200002670288, 3.788300037384033, 3.815999984741211, 3.8376998901367188, 3.861799955368042, 3.8814001083374023, 3.893899917602539, 3.9056999683380127, 3.916100025177002, 3.925100088119507]}