{"test": [49.07, 49.07, 49.08, 49.11, 49.14, 49.24, 49.49, 49.8, 50.34, 51.01, 51.73, 52.82, 53.9, 55.42, 57.2, 59.07, 60.93, 62.81, 64.07, 65.1, 65.26, 65.68, 65.61, 65.3, 65.22, 65.08, 64.96, 64.84, 64.83, 64.78, 64.74, 64.74, 64.73, 64.73, 64.73, 64.73, 64.73, 64.73, 64.73], "val": [50.29874526986656, 50.318661621191, 50.318661621191, 50.33857797251544, 50.418243377813184, 50.56761601274646, 50.776737701653055, 50.97590121489743, 51.39414459271062, 51.9717187811193, 52.72854013144792, 53.58494323839872, 54.64050985859391, 56.36327424815774, 57.986456881099386, 59.719179446325434, 61.57140011949811, 63.632742481577374, 65.01692889862578, 65.85341565425215, 66.38119896434974, 66.44094801832304, 66.50069707229636, 66.13224457279426, 65.98287193786098, 65.90320653256323, 65.80362477594105, 65.7239593706433, 65.77375024895439, 65.77375024895439, 65.80362477594105, 65.81358295160327, 65.7837084246166, 65.7837084246166, 65.7837084246166, 65.7837084246166, 65.7837084246166, 65.7837084246166, 65.7837084246166], "flops": [1.0, 1.0002999305725098, 1.0012999773025513, 1.0017000436782837, 1.00409996509552, 1.0089000463485718, 1.0162999629974365, 1.0281000137329102, 1.0474998950958252, 1.075700044631958, 1.114300012588501, 1.1628999710083008, 1.2274000644683838, 1.315600037574768, 1.4364999532699585, 1.5894999504089355, 1.7843000888824463, 2.0024001598358154, 2.2572999000549316, 2.510499954223633, 2.7497000694274902, 2.963399887084961, 3.1529998779296875, 3.3076999187469482, 3.4363999366760254, 3.5360000133514404, 3.6107001304626465, 3.672600030899048, 3.7219998836517334, 3.764200210571289, 3.800300121307373, 3.8282999992370605, 3.8512001037597656, 3.8736000061035156, 3.8889000415802, 3.902599811553955, 3.915799856185913, 3.9250998497009277, 3.932499885559082]}