{"test": [48.95, 48.96, 48.98, 49.0, 49.05, 49.17, 49.27, 49.49, 49.94, 50.38, 51.17, 52.05, 53.08, 54.42, 56.2, 58.61, 60.49, 62.08, 63.69, 64.7, 64.88, 65.06, 64.98, 64.66, 64.53, 64.38, 64.42, 64.34, 64.31, 64.33, 64.28, 64.27, 64.29, 64.28, 64.29, 64.28, 64.28, 64.28, 64.27], "val": [49.23322047400916, 49.23322047400916, 49.213304122684725, 49.213304122684725, 49.2531368253336, 49.342760406293564, 49.47221668990241, 49.78092013543119, 50.129456283608846, 50.60744871539534, 51.36427006572396, 52.18084047002589, 53.43557060346544, 54.710217088229435, 56.60227046405099, 58.653654650468035, 60.35650268870743, 62.13901613224457, 63.79207329217287, 64.10077673770165, 64.47918741286597, 64.86755626369249, 64.95717984465246, 64.7181836287592, 64.77793268273253, 64.51902011551483, 64.41943835889265, 64.3397729535949, 64.22027484564828, 64.12069308902609, 64.14060944035053, 64.14060944035053, 64.09081856203943, 64.11073491336387, 64.11073491336387, 64.11073491336387, 64.10077673770165, 64.09081856203943, 64.09081856203943], "flops": [1.0011999607086182, 1.000599980354309, 1.0006999969482422, 1.0017999410629272, 1.0044000148773193, 1.0094000101089478, 1.0162999629974365, 1.025499939918518, 1.0450999736785889, 1.0674999952316284, 1.1015000343322754, 1.1561999320983887, 1.2200000286102295, 1.3012999296188354, 1.4249999523162842, 1.5804001092910767, 1.7742999792099, 2.005199909210205, 2.271199941635132, 2.514400005340576, 2.753200054168701, 2.965400218963623, 3.149199962615967, 3.3094000816345215, 3.4272000789642334, 3.528200149536133, 3.6015000343322754, 3.6668999195098877, 3.717900037765503, 3.7531001567840576, 3.789099931716919, 3.8165998458862305, 3.837599992752075, 3.8575000762939453, 3.879500150680542, 3.892199993133545, 3.9047999382019043, 3.9163999557495117, 3.925600051879883]}