{"test": [48.46, 48.46, 48.47, 48.48, 48.49, 48.59, 48.72, 48.92, 49.31, 49.62, 50.25, 50.88, 51.75, 53.03, 54.49, 55.82, 57.39, 58.76, 60.17, 61.08, 61.58, 61.98, 62.24, 62.48, 62.55, 62.53, 62.63, 62.62, 62.66, 62.68, 62.73, 62.7, 62.7, 62.72, 62.72, 62.74, 62.7, 62.7, 62.67], "val": [48.60585540728938, 48.60585540728938, 48.6158135829516, 48.62577175861382, 48.655646285600476, 48.76518621788488, 48.87472615016929, 49.08384783907588, 49.43238398725354, 49.81079466241785, 50.408285202150964, 51.21489743079068, 51.94184425413264, 53.02728540131448, 54.41147181836288, 55.88528181637124, 57.61800438159729, 59.32085241983668, 60.65524795857399, 61.48177653853814, 62.00955984863573, 62.437761402111136, 62.49751045608445, 62.5273849830711, 62.597092212706634, 62.69667396932882, 62.64688309101773, 62.67675761800438, 62.69667396932882, 62.73650667197769, 62.69667396932882, 62.64688309101773, 62.67675761800438, 62.67675761800438, 62.67675761800438, 62.67675761800438, 62.66679944234216, 62.66679944234216, 62.67675761800438], "flops": [1.0011999607086182, 1.0013999938964844, 1.0026999711990356, 1.0032999515533447, 1.0041999816894531, 1.0083999633789062, 1.0162999629974365, 1.0303000211715698, 1.0509999990463257, 1.0788999795913696, 1.1150000095367432, 1.1594001054763794, 1.2297000885009766, 1.3279999494552612, 1.4441999197006226, 1.5920000076293945, 1.7909001111984253, 2.0118000507354736, 2.261899948120117, 2.5195000171661377, 2.757200241088867, 2.9774999618530273, 3.1586999893188477, 3.3042001724243164, 3.425800085067749, 3.5264997482299805, 3.611799955368042, 3.670499801635742, 3.7211999893188477, 3.759200096130371, 3.795600175857544, 3.821199893951416, 3.845900058746338, 3.864500045776367, 3.8800997734069824, 3.8954999446868896, 3.9075000286102295, 3.916900157928467, 3.927000045776367]}