{"test": [30.14, 30.14, 30.13, 30.18, 30.21, 30.31, 30.52, 30.82, 31.23, 31.96, 32.47, 33.3, 34.54, 36.35, 38.6, 41.34, 44.14, 47.58, 50.92, 53.61, 55.89, 57.44, 58.5, 59.19, 59.74, 59.92, 60.16, 60.3, 60.39, 60.47, 60.46, 60.48, 60.47, 60.46, 60.46, 60.46, 60.46, 60.46, 60.46], "val": [29.61561441943836, 29.62557259510058, 29.635530770762795, 29.635530770762795, 29.66540529774945, 29.784903405696078, 29.884485162318263, 30.083648675562635, 30.402310296753633, 30.88030272854013, 31.617207727544315, 32.69269069906393, 34.007169886476795, 35.74985062736506, 37.940649273053175, 40.589523999203344, 43.855805616411075, 47.34116709818761, 50.66719776936865, 53.73431587333201, 55.82553276239793, 57.61800438159729, 58.57398924517028, 59.29097789285003, 59.76897032463653, 60.1274646484764, 60.30671181039634, 60.34654451304521, 60.41625174268074, 60.466042620991836, 60.50587532364071, 60.54570802628958, 60.53574985062737, 60.54570802628958, 60.5556662019518, 60.56562437761402, 60.56562437761402, 60.56562437761402, 60.56562437761402], "flops": [1.0011999607086182, 1.0011999607086182, 1.0018999576568604, 1.0035998821258545, 1.0049999952316284, 1.0089999437332153, 1.017899990081787, 1.03000009059906, 1.045699954032898, 1.0756999254226685, 1.106100082397461, 1.1521000862121582, 1.2223999500274658, 1.3172999620437622, 1.4371000528335571, 1.6001999378204346, 1.7812001705169678, 2.0253000259399414, 2.272900104522705, 2.515199899673462, 2.7530999183654785, 2.9766998291015625, 3.1547999382019043, 3.306299924850464, 3.422300100326538, 3.5211000442504883, 3.6048998832702637, 3.6691999435424805, 3.7218000888824463, 3.7624001502990723, 3.7990000247955322, 3.8278000354766846, 3.8501999378204346, 3.8712000846862793, 3.8859000205993652, 3.9003000259399414, 3.9110000133514404, 3.919800043106079, 3.9307000637054443]}