{"test": [46.39, 46.39, 46.36, 46.36, 46.45, 46.59, 46.71, 47.03, 47.35, 47.94, 48.62, 49.42, 50.33, 51.73, 53.82, 55.62, 57.29, 59.47, 60.55, 61.17, 61.63, 61.93, 61.96, 61.74, 61.7, 61.56, 61.49, 61.47, 61.45, 61.52, 61.51, 61.49, 61.48, 61.49, 61.49, 61.49, 61.5, 61.49, 61.49], "val": [46.01672973511253, 46.01672973511253, 46.01672973511253, 46.0565624377614, 46.10635331607249, 46.2158932483569, 46.345349531965745, 46.63413662617008, 46.95279824736108, 47.5502887870942, 48.277235610436165, 49.10376419040032, 50.37841067516431, 52.10117506472814, 53.63473411670982, 55.108544114718185, 56.98068113921529, 58.61382194781916, 60.17725552678749, 61.3025293766182, 62.00955984863573, 61.7805218084047, 61.82035451105357, 61.79047998406692, 61.81039633539135, 61.75064728141805, 61.61123282214698, 61.47181836287592, 61.521609241187015, 61.491734714200355, 61.521609241187015, 61.511651065524795, 61.501692889862575, 61.501692889862575, 61.501692889862575, 61.511651065524795, 61.511651065524795, 61.511651065524795, 61.511651065524795], "flops": [1.0024000406265259, 1.0019999742507935, 1.0013999938964844, 1.0017999410629272, 1.00409996509552, 1.009700059890747, 1.0176000595092773, 1.0318000316619873, 1.0470999479293823, 1.0740000009536743, 1.1074999570846558, 1.1489999294281006, 1.2108999490737915, 1.30239999294281, 1.4269999265670776, 1.5851998329162598, 1.7843999862670898, 2.000699996948242, 2.248199939727783, 2.4988999366760254, 2.7393999099731445, 2.9611001014709473, 3.144899845123291, 3.292800188064575, 3.4189999103546143, 3.529600143432617, 3.609100103378296, 3.674499988555908, 3.7268998622894287, 3.766900062561035, 3.7982001304626465, 3.8222999572753906, 3.847100019454956, 3.867600202560425, 3.881700038909912, 3.895400047302246, 3.9049999713897705, 3.9154000282287598, 3.922600030899048]}