{"test": [47.4, 47.4, 47.42, 47.48, 47.48, 47.57, 47.74, 48.0, 48.45, 48.88, 49.47, 50.26, 51.29, 52.49, 54.19, 56.12, 58.08, 59.91, 61.27, 62.38, 63.28, 63.5, 63.6, 63.61, 63.65, 63.57, 63.5, 63.4, 63.31, 63.32, 63.3, 63.3, 63.33, 63.31, 63.3, 63.29, 63.3, 63.3, 63.3], "val": [48.685520812587136, 48.695478988249356, 48.70543716391157, 48.73531169089823, 48.79506074487154, 48.90460067715595, 49.03405696076479, 49.33280223063135, 49.761003784106755, 50.238996215893245, 50.75682135032862, 51.60326628161721, 52.380003983270264, 53.79406492730532, 55.22804222266481, 57.080262895837485, 58.60386377215694, 59.95817566221868, 61.521609241187015, 62.46763592909779, 62.86596295558654, 63.24437363075084, 63.44353714399522, 63.21449910376419, 63.14479187412866, 63.22445727942641, 63.19458275243975, 63.134833698466444, 63.1647082254531, 63.124875522804224, 63.114917347142004, 63.095000995817564, 63.06512646883091, 63.06512646883091, 63.07508464449313, 63.085042820155344, 63.085042820155344, 63.085042820155344, 63.085042820155344], "flops": [1.0, 1.0, 1.0013998746871948, 1.0033999681472778, 1.0052000284194946, 1.0090999603271484, 1.0174000263214111, 1.0295000076293945, 1.0471000671386719, 1.069200038909912, 1.1007999181747437, 1.1505999565124512, 1.2207999229431152, 1.309499979019165, 1.4297999143600464, 1.5855000019073486, 1.7742998600006104, 1.9972999095916748, 2.2513999938964844, 2.4960999488830566, 2.7360999584198, 2.9628000259399414, 3.155900001525879, 3.3034000396728516, 3.42930006980896, 3.527599811553955, 3.610300064086914, 3.668299913406372, 3.7204999923706055, 3.7641000747680664, 3.794800043106079, 3.825700044631958, 3.8452999591827393, 3.865999937057495, 3.8818001747131348, 3.895900011062622, 3.9070000648498535, 3.916800022125244, 3.926800012588501]}