{"test": [33.67, 33.66, 33.66, 33.67, 33.71, 33.79, 33.96, 34.18, 34.56, 35.01, 35.69, 36.81, 38.5, 40.46, 42.67, 45.42, 48.56, 51.44, 54.25, 56.66, 58.62, 60.21, 61.42, 61.95, 62.27, 62.5, 62.69, 62.73, 62.8, 62.8, 62.79, 62.81, 62.8, 62.79, 62.78, 62.78, 62.78, 62.78, 62.78], "val": [32.93168691495718, 32.93168691495718, 32.941645090619396, 32.93168691495718, 32.99143596893049, 33.110934076877115, 33.280223063134834, 33.51921927902808, 33.847839075881296, 34.49512049392551, 35.30173272256523, 36.43696474805816, 38.03027285401315, 39.96215893248357, 42.063333997211714, 44.71220872336188, 47.789285002987455, 50.91615216092412, 53.95339573790082, 56.57239593706433, 58.3150766779526, 59.86855208125871, 60.78470424218283, 61.45190201155148, 61.76060545708026, 61.98964349731129, 62.218681537542324, 62.26847241585342, 62.29834694284007, 62.31826329416451, 62.31826329416451, 62.33817964548895, 62.33817964548895, 62.33817964548895, 62.34813782115116, 62.34813782115116, 62.34813782115116, 62.34813782115116, 62.34813782115116], "flops": [1.003600001335144, 1.0013998746871948, 1.0013998746871948, 1.0018999576568604, 1.0046000480651855, 1.0082000494003296, 1.0184000730514526, 1.0281999111175537, 1.045300006866455, 1.0655001401901245, 1.0941001176834106, 1.1411000490188599, 1.2110999822616577, 1.3051999807357788, 1.4256999492645264, 1.581299901008606, 1.7811000347137451, 2.010699987411499, 2.267199993133545, 2.5005998611450195, 2.735100030899048, 2.9531002044677734, 3.1435000896453857, 3.301800012588501, 3.421600103378296, 3.529299736022949, 3.6065001487731934, 3.6684000492095947, 3.718400001525879, 3.756500005722046, 3.788100004196167, 3.8190999031066895, 3.8425002098083496, 3.8635001182556152, 3.8832998275756836, 3.898400068283081, 3.9096999168395996, 3.9207000732421875, 3.92930006980896]}