{"test": [82.45412844036697, 82.45412844036697, 82.45412844036697, 82.45412844036697, 82.68348623853211, 82.56880733944953, 82.79816513761467, 83.02752293577981, 83.4862385321101, 83.37155963302752, 83.02752293577981, 83.14220183486239, 83.37155963302752, 83.37155963302752, 83.25688073394495, 83.14220183486239, 83.14220183486239, 83.14220183486239, 83.14220183486239, 83.14220183486239, 83.14220183486239, 83.14220183486239, 83.14220183486239, 83.14220183486239, 83.14220183486239, 83.14220183486239, 83.14220183486239, 83.14220183486239, 83.14220183486239, 83.14220183486239, 83.14220183486239, 83.14220183486239, 83.14220183486239, 83.14220183486239, 83.14220183486239, 83.14220183486239, 83.14220183486239, 83.14220183486239, 83.14220183486239], "val": [88.93129770992367, 88.93129770992367, 88.94905023965916, 88.9401739747914, 88.9401739747914, 88.9579265045269, 88.8780401207172, 88.91354518018818, 88.82478253151073, 88.85141132611398, 88.82478253151073, 88.78040120717202, 88.68276229362684, 88.68276229362684, 88.68276229362684, 88.69163855849459, 88.6738860287591, 88.6738860287591, 88.6738860287591, 88.6738860287591, 88.6738860287591, 88.6738860287591, 88.6738860287591, 88.6738860287591, 88.6738860287591, 88.6738860287591, 88.6738860287591, 88.6738860287591, 88.6738860287591, 88.6738860287591, 88.6738860287591, 88.6738860287591, 88.6738860287591, 88.6738860287591, 88.6738860287591, 88.6738860287591, 88.6738860287591, 88.6738860287591, 88.6738860287591], "flops": [1.0, 1.0, 1.0, 1.0, 1.002293586730957, 1.0091743469238281, 1.0194953680038452, 1.0389907360076904, 1.0711009502410889, 1.0963302850723267, 1.166284441947937, 1.2339450120925903, 1.32798171043396, 1.45298171043396, 1.6100916862487793, 1.8027522563934326, 2.013761520385742, 2.2649083137512207, 2.5389907360076904, 2.817660331726074, 3.028669834136963, 3.2396788597106934, 3.4403669834136963, 3.571101188659668, 3.681192636489868, 3.731651544570923, 3.7866973876953125, 3.8268346786499023, 3.8543577194213867, 3.8807339668273926, 3.8922019004821777, 3.8967888355255127, 3.9116973876953125, 3.9162843227386475, 3.9254589080810547, 3.9277522563934326, 3.9392201900482178, 3.9472475051879883, 3.950688123703003]}