{"test": [81.65137614678899, 81.65137614678899, 81.65137614678899, 81.53669724770643, 81.53669724770643, 81.53669724770643, 81.42201834862385, 81.76605504587155, 81.88073394495413, 82.22477064220183, 82.22477064220183, 82.45412844036697, 82.56880733944953, 82.79816513761467, 82.56880733944953, 82.56880733944953, 82.56880733944953, 82.56880733944953, 82.56880733944953, 82.56880733944953, 82.56880733944953, 82.56880733944953, 82.56880733944953, 82.56880733944953, 82.56880733944953, 82.56880733944953, 82.56880733944953, 82.56880733944953, 82.56880733944953, 82.56880733944953, 82.56880733944953, 82.56880733944953, 82.56880733944953, 82.56880733944953, 82.56880733944953, 82.56880733944953, 82.56880733944953, 82.56880733944953, 82.56880733944953], "val": [90.9905911592402, 90.9905911592402, 90.99946742410793, 91.04384874844665, 91.04384874844665, 91.01721995384342, 91.03497248357891, 91.08823007278538, 91.14148766199183, 91.09710633765312, 91.08823007278538, 91.12373513225634, 91.10598260252085, 91.03497248357891, 91.07935380791763, 91.01721995384342, 91.00834368897569, 90.99946742410793, 90.99946742410793, 90.99946742410793, 90.99946742410793, 90.99946742410793, 90.99946742410793, 90.99946742410793, 90.99946742410793, 90.99946742410793, 90.99946742410793, 90.99946742410793, 90.99946742410793, 90.99946742410793, 90.99946742410793, 90.99946742410793, 90.99946742410793, 90.99946742410793, 90.99946742410793, 90.99946742410793, 90.99946742410793, 90.99946742410793, 90.99946742410793], "flops": [1.0, 1.0, 1.0, 1.002293586730957, 1.006880760192871, 1.0217889547348022, 1.0321100950241089, 1.0538990497589111, 1.0894496440887451, 1.135321021080017, 1.176605463027954, 1.2373852729797363, 1.326834797859192, 1.4449541568756104, 1.5928899049758911, 1.794724702835083, 2.0194954872131348, 2.2442660331726074, 2.497706413269043, 2.752293586730957, 2.9770641326904297, 3.176605463027954, 3.3600916862487793, 3.4827980995178223, 3.591742992401123, 3.662843942642212, 3.7224769592285156, 3.776376247406006, 3.8153669834136963, 3.848623752593994, 3.875, 3.899082660675049, 3.9116971492767334, 3.928899049758911, 3.9369266033172607, 3.946100950241089, 3.9518349170684814, 3.964449405670166, 3.9701836109161377]}