{"test": [81.30733944954129, 81.30733944954129, 81.30733944954129, 81.30733944954129, 81.30733944954129, 81.07798165137615, 80.84862385321101, 81.42201834862385, 80.96330275229357, 81.19266055045871, 81.19266055045871, 81.19266055045871, 81.30733944954129, 81.42201834862385, 81.42201834862385, 81.53669724770643, 81.53669724770643, 81.53669724770643, 81.53669724770643, 81.53669724770643, 81.53669724770643, 81.53669724770643, 81.53669724770643, 81.53669724770643, 81.53669724770643, 81.53669724770643, 81.53669724770643, 81.53669724770643, 81.53669724770643, 81.53669724770643, 81.53669724770643, 81.53669724770643, 81.53669724770643, 81.53669724770643, 81.53669724770643, 81.53669724770643, 81.53669724770643, 81.53669724770643, 81.53669724770643], "val": [91.22137404580153, 91.22137404580153, 91.21249778093379, 91.22137404580153, 91.23025031066928, 91.23025031066928, 91.22137404580153, 91.18586898633055, 91.1947452511983, 91.1947452511983, 91.24800284040475, 91.24800284040475, 91.2568791052725, 91.23025031066928, 91.24800284040475, 91.23025031066928, 91.23025031066928, 91.23025031066928, 91.23025031066928, 91.23025031066928, 91.23025031066928, 91.23025031066928, 91.23025031066928, 91.23025031066928, 91.23025031066928, 91.23025031066928, 91.23025031066928, 91.23025031066928, 91.23025031066928, 91.23025031066928, 91.23025031066928, 91.23025031066928, 91.23025031066928, 91.23025031066928, 91.23025031066928, 91.23025031066928, 91.23025031066928, 91.23025031066928, 91.23025031066928], "flops": [1.0, 1.0, 1.0, 1.0, 1.002293586730957, 1.0103211402893066, 1.0229357481002808, 1.0447248220443726, 1.07798171043396, 1.1100916862487793, 1.1708714962005615, 1.2236238718032837, 1.325688123703003, 1.4311927556991577, 1.581421971321106, 1.7924312353134155, 1.9965596199035645, 2.2327980995178223, 2.493119239807129, 2.7305045127868652, 2.975917339324951, 3.169724702835083, 3.332568645477295, 3.4724769592285156, 3.5676605701446533, 3.6548166275024414, 3.725917339324951, 3.7752294540405273, 3.818807601928711, 3.8383028507232666, 3.861238479614258, 3.89105486869812, 3.912843942642212, 3.9277522563934326, 3.9357798099517822, 3.9415135383605957, 3.943807363510132, 3.955275297164917, 3.9655961990356445]}