{"test": [81.42201834862385, 81.42201834862385, 81.42201834862385, 81.53669724770643, 81.42201834862385, 81.30733944954129, 80.96330275229357, 81.30733944954129, 80.61926605504587, 80.84862385321101, 80.73394495412845, 80.38990825688073, 80.38990825688073, 80.5045871559633, 81.07798165137615, 81.19266055045871, 81.30733944954129, 81.30733944954129, 81.30733944954129, 81.30733944954129, 81.30733944954129, 81.30733944954129, 81.30733944954129, 81.30733944954129, 81.30733944954129, 81.30733944954129, 81.30733944954129, 81.30733944954129, 81.30733944954129, 81.30733944954129, 81.30733944954129, 81.30733944954129, 81.30733944954129, 81.30733944954129, 81.30733944954129, 81.30733944954129, 81.30733944954129, 81.30733944954129, 81.30733944954129], "val": [91.10598260252085, 91.1148588673886, 91.12373513225634, 91.09710633765312, 91.0527250133144, 91.07047754304989, 91.06160127818214, 91.07935380791763, 91.16811645659506, 91.15036392685958, 91.04384874844665, 91.10598260252085, 91.00834368897569, 91.03497248357891, 91.03497248357891, 91.0527250133144, 91.04384874844665, 91.04384874844665, 91.04384874844665, 91.04384874844665, 91.04384874844665, 91.04384874844665, 91.04384874844665, 91.04384874844665, 91.04384874844665, 91.04384874844665, 91.04384874844665, 91.04384874844665, 91.04384874844665, 91.04384874844665, 91.04384874844665, 91.04384874844665, 91.04384874844665, 91.04384874844665, 91.04384874844665, 91.04384874844665, 91.04384874844665, 91.04384874844665, 91.04384874844665], "flops": [1.0, 1.0, 1.0, 1.006880760192871, 1.0103211402893066, 1.0183486938476562, 1.0286697149276733, 1.0493119955062866, 1.075688123703003, 1.1123852729797363, 1.1605504751205444, 1.2442660331726074, 1.3474770784378052, 1.4472476243972778, 1.614678978919983, 1.8004587888717651, 1.9988532066345215, 2.2534403800964355, 2.493119239807129, 2.752293586730957, 2.9896788597106934, 3.176605701446533, 3.3383028507232666, 3.46903657913208, 3.5722477436065674, 3.6525230407714844, 3.7305045127868652, 3.776376247406006, 3.8130733966827393, 3.848623752593994, 3.8692660331726074, 3.897935628890991, 3.9116971492767334, 3.9277522563934326, 3.941513776779175, 3.950688123703003, 3.957568883895874, 3.9655961990356445, 3.971330404281616]}