{"test": [78.89908256880734, 78.89908256880734, 78.89908256880734, 79.0137614678899, 79.0137614678899, 79.0137614678899, 78.89908256880734, 78.6697247706422, 78.89908256880734, 79.12844036697248, 79.24311926605505, 79.0137614678899, 79.35779816513761, 79.24311926605505, 79.35779816513761, 79.35779816513761, 79.35779816513761, 79.35779816513761, 79.35779816513761, 79.35779816513761, 79.35779816513761, 79.35779816513761, 79.35779816513761, 79.35779816513761, 79.35779816513761, 79.35779816513761, 79.35779816513761, 79.35779816513761, 79.35779816513761, 79.35779816513761, 79.35779816513761, 79.35779816513761, 79.35779816513761, 79.35779816513761, 79.35779816513761, 79.35779816513761, 79.35779816513761, 79.35779816513761, 79.35779816513761], "val": [86.41931475235221, 86.41931475235221, 86.42819101721996, 86.4370672820877, 86.41931475235221, 86.38380969288123, 86.39268595774898, 86.41043848748447, 86.4992011361619, 86.54358246050062, 86.50807740102965, 86.55245872536837, 86.57021125510386, 86.65009763891355, 86.60571631457482, 86.59684004970708, 86.59684004970708, 86.60571631457482, 86.60571631457482, 86.60571631457482, 86.60571631457482, 86.60571631457482, 86.60571631457482, 86.60571631457482, 86.60571631457482, 86.60571631457482, 86.60571631457482, 86.60571631457482, 86.60571631457482, 86.60571631457482, 86.60571631457482, 86.60571631457482, 86.60571631457482, 86.60571631457482, 86.60571631457482, 86.60571631457482, 86.60571631457482, 86.60571631457482, 86.60571631457482], "flops": [1.0, 1.0, 1.0, 1.002293586730957, 1.006880760192871, 1.0149083137512207, 1.0183486938476562, 1.0309633016586304, 1.048165202140808, 1.0825687646865845, 1.1387615203857422, 1.1915137767791748, 1.2912843227386475, 1.409403681755066, 1.5630735158920288, 1.7534403800964355, 1.9644496440887451, 2.1949541568756104, 2.459862470626831, 2.7488532066345215, 2.9805045127868652, 3.174312114715576, 3.337156057357788, 3.4805045127868652, 3.598623752593994, 3.669724702835083, 3.7247707843780518, 3.783256769180298, 3.825688123703003, 3.8623855113983154, 3.8876147270202637, 3.9071099758148193, 3.922018527984619, 3.9323394298553467, 3.9403669834136963, 3.946100950241089, 3.950688123703003, 3.957568645477295, 3.9633026123046875]}