{"test": [81.30733944954129, 81.30733944954129, 81.30733944954129, 81.30733944954129, 81.30733944954129, 81.19266055045871, 81.07798165137615, 81.07798165137615, 81.30733944954129, 81.30733944954129, 81.42201834862385, 81.65137614678899, 81.42201834862385, 81.76605504587155, 81.88073394495413, 81.76605504587155, 81.76605504587155, 81.76605504587155, 81.76605504587155, 81.76605504587155, 81.76605504587155, 81.76605504587155, 81.76605504587155, 81.76605504587155, 81.76605504587155, 81.76605504587155, 81.76605504587155, 81.76605504587155, 81.76605504587155, 81.76605504587155, 81.76605504587155, 81.76605504587155, 81.76605504587155, 81.76605504587155, 81.76605504587155, 81.76605504587155, 81.76605504587155, 81.76605504587155, 81.76605504587155], "val": [91.20362151606604, 91.20362151606604, 91.21249778093379, 91.18586898633055, 91.18586898633055, 91.17699272146281, 91.30126042961122, 91.30126042961122, 91.30126042961122, 91.20362151606604, 91.26575537014024, 91.20362151606604, 91.2568791052725, 91.15924019172732, 91.09710633765312, 91.09710633765312, 91.07047754304989, 91.06160127818214, 91.06160127818214, 91.06160127818214, 91.06160127818214, 91.06160127818214, 91.06160127818214, 91.06160127818214, 91.06160127818214, 91.06160127818214, 91.06160127818214, 91.06160127818214, 91.06160127818214, 91.06160127818214, 91.06160127818214, 91.06160127818214, 91.06160127818214, 91.06160127818214, 91.06160127818214, 91.06160127818214, 91.06160127818214, 91.06160127818214, 91.06160127818214], "flops": [1.0, 1.0, 1.0011467933654785, 1.002293586730957, 1.0034403800964355, 1.0126147270202637, 1.0309633016586304, 1.0538990497589111, 1.073394536972046, 1.1135321855545044, 1.1651376485824585, 1.247706413269043, 1.332568883895874, 1.4426604509353638, 1.6032111644744873, 1.7740825414657593, 2.0057339668273926, 2.238532066345215, 2.495412826538086, 2.7672019004821777, 2.9988532066345215, 3.1972477436065674, 3.346330165863037, 3.475917339324951, 3.582568645477295, 3.665137529373169, 3.7224769592285156, 3.778669834136963, 3.8119266033172607, 3.8405964374542236, 3.8646790981292725, 3.9025230407714844, 3.9254586696624756, 3.9392201900482178, 3.9449541568756104, 3.9495413303375244, 3.957568645477295, 3.959862232208252, 3.9633026123046875]}