{"test": [81.65137614678899, 81.65137614678899, 81.65137614678899, 81.65137614678899, 81.65137614678899, 81.65137614678899, 81.65137614678899, 81.65137614678899, 81.65137614678899, 81.65137614678899, 81.65137614678899, 81.65137614678899, 81.65137614678899, 81.65137614678899, 81.53669724770643, 81.76605504587155, 81.76605504587155, 82.22477064220183, 82.33944954128441, 82.33944954128441, 82.22477064220183, 82.11009174311927, 81.88073394495413, 81.9954128440367, 81.88073394495413, 81.88073394495413, 81.88073394495413, 81.88073394495413, 81.65137614678899, 81.65137614678899, 81.65137614678899, 81.65137614678899, 81.65137614678899, 81.65137614678899, 81.65137614678899, 81.65137614678899, 81.65137614678899, 81.65137614678899, 81.53669724770643], "val": [88.49636073140422, 88.49636073140422, 88.49636073140422, 88.49636073140422, 88.49636073140422, 88.49636073140422, 88.49636073140422, 88.49636073140422, 88.49636073140422, 88.49636073140422, 88.49636073140422, 88.48748446653649, 88.48748446653649, 88.47860820166873, 88.47860820166873, 88.49636073140422, 88.51411326113971, 88.52298952600745, 88.54074205574294, 88.52298952600745, 88.51411326113971, 88.47860820166873, 88.50523699627198, 88.54961832061069, 88.52298952600745, 88.47860820166873, 88.49636073140422, 88.56737085034618, 88.58512338008167, 88.58512338008167, 88.57624711521392, 88.58512338008167, 88.58512338008167, 88.57624711521392, 88.56737085034618, 88.56737085034618, 88.56737085034618, 88.56737085034618, 88.56737085034618], "flops": [1.0, 1.0, 1.0, 1.0011467933654785, 1.0057339668273926, 1.0080275535583496, 1.0126147270202637, 1.0229357481002808, 1.0321100950241089, 1.048165202140808, 1.0802751779556274, 1.128440499305725, 1.1743119955062866, 1.2672017812728882, 1.3818806409835815, 1.5619266033172607, 1.7706421613693237, 2.0229358673095703, 2.2981650829315186, 2.521789073944092, 2.716743230819702, 2.901376247406006, 3.0458714962005615, 3.17201828956604, 3.266055107116699, 3.3543577194213867, 3.4323394298553467, 3.497706413269043, 3.557339668273926, 3.6123852729797363, 3.6479358673095703, 3.691513776779175, 3.7247705459594727, 3.7488532066345215, 3.78096342086792, 3.8004586696624756, 3.8119266033172607, 3.834862232208252, 3.8451836109161377]}