{"test": [81.65137614678899, 81.65137614678899, 81.65137614678899, 81.76605504587155, 81.42201834862385, 81.76605504587155, 81.65137614678899, 81.88073394495413, 81.76605504587155, 81.9954128440367, 82.22477064220183, 82.22477064220183, 81.9954128440367, 81.88073394495413, 81.88073394495413, 82.11009174311927, 81.65137614678899, 81.88073394495413, 81.76605504587155, 81.76605504587155, 81.76605504587155, 81.76605504587155, 81.76605504587155, 81.76605504587155, 81.76605504587155, 81.76605504587155, 81.76605504587155, 81.76605504587155, 81.76605504587155, 81.76605504587155, 81.76605504587155, 81.76605504587155, 81.76605504587155, 81.76605504587155, 81.76605504587155, 81.76605504587155, 81.76605504587155, 81.76605504587155, 81.76605504587155], "val": [86.9252618498136, 86.9252618498136, 86.9075093200781, 86.9252618498136, 86.91638558494586, 86.89863305521037, 86.9873957038878, 87.06728208769749, 87.1915497958459, 87.35132256346529, 87.33357003372981, 87.33357003372981, 87.35132256346529, 87.35132256346529, 87.41345641753949, 87.39570388780402, 87.39570388780402, 87.40458015267176, 87.38682762293627, 87.38682762293627, 87.38682762293627, 87.38682762293627, 87.38682762293627, 87.38682762293627, 87.38682762293627, 87.38682762293627, 87.38682762293627, 87.38682762293627, 87.38682762293627, 87.38682762293627, 87.38682762293627, 87.38682762293627, 87.38682762293627, 87.38682762293627, 87.38682762293627, 87.38682762293627, 87.38682762293627, 87.38682762293627, 87.38682762293627], "flops": [1.0, 1.0, 1.0, 1.004587173461914, 1.0091743469238281, 1.0149083137512207, 1.0263761281967163, 1.0447248220443726, 1.0653669834136963, 1.1043578386306763, 1.1444954872131348, 1.2064220905303955, 1.3073394298553467, 1.4346331357955933, 1.58600914478302, 1.7672017812728882, 1.9965596199035645, 2.252293586730957, 2.511467933654785, 2.756880760192871, 2.9793577194213867, 3.1892201900482178, 3.3566513061523438, 3.471330165863037, 3.5642201900482178, 3.6444952487945557, 3.705275058746338, 3.7511467933654785, 3.7889907360076904, 3.8153669834136963, 3.8360092639923096, 3.8669724464416504, 3.879587173461914, 3.89105486869812, 3.9071099758148193, 3.919724941253662, 3.9300458431243896, 3.9369266033172607, 3.9472477436065674]}