{"test": [53.59, 53.59, 53.59, 53.63, 53.65, 53.76, 53.98, 54.12, 54.5, 55.08, 55.78, 56.82, 58.05, 59.5, 61.16, 62.87, 65.34, 67.75, 69.28, 70.52, 71.57, 71.99, 72.19, 72.48, 72.36, 72.33, 72.35, 72.35, 72.4, 72.43, 72.43, 72.42, 72.42, 72.43, 72.43, 72.42, 72.42, 72.42, 72.42], "val": [52.75951384737996, 52.769475991233314, 52.78940027894003, 52.799362422793386, 52.889021717473604, 52.94879458059374, 53.227734608487744, 53.53656106794182, 53.705917513448895, 54.13428969914325, 55.05080693365212, 56.15660490137478, 57.11297071129707, 58.77664873480773, 60.679418210798964, 62.980673440924484, 65.37158796573023, 67.30424387328154, 68.9878461844989, 70.62163777644949, 71.57800358637179, 72.14584578601315, 72.49452082088065, 72.365012950787, 72.35505080693365, 72.40486152620043, 72.41482367005379, 72.44471010161386, 72.43474795776051, 72.45467224546722, 72.45467224546722, 72.45467224546722, 72.45467224546722, 72.47459653317394, 72.47459653317394, 72.47459653317394, 72.47459653317394, 72.47459653317394, 72.47459653317394], "flops": [1.0, 1.0, 1.0002999305725098, 1.001599907875061, 1.0031999349594116, 1.0063999891281128, 1.0128000974655151, 1.0223000049591064, 1.0380001068115234, 1.0648999214172363, 1.0981999635696411, 1.147800087928772, 1.2111999988555908, 1.297800064086914, 1.4211000204086304, 1.5757999420166016, 1.765700101852417, 1.9889999628067017, 2.238300085067749, 2.4916999340057373, 2.7393999099731445, 2.9565000534057617, 3.1489999294281006, 3.294300079345703, 3.4156999588012695, 3.5160000324249268, 3.596100091934204, 3.6605000495910645, 3.7140002250671387, 3.7574000358581543, 3.7927000522613525, 3.8213000297546387, 3.8480000495910645, 3.863600015640259, 3.880199909210205, 3.895400047302246, 3.9082000255584717, 3.9177000522613525, 3.9275999069213867]}