{"test": [54.85, 54.85, 54.85, 54.85, 54.88, 54.99, 55.1, 55.44, 55.83, 56.45, 57.08, 57.76, 59.07, 60.69, 62.25, 64.25, 66.51, 68.22, 69.84, 71.12, 71.85, 72.3, 72.72, 72.78, 72.85, 72.8, 72.8, 72.79, 72.83, 72.84, 72.83, 72.85, 72.85, 72.85, 72.85, 72.85, 72.85, 72.85, 72.85], "val": [54.243873281530185, 54.243873281530185, 54.243873281530185, 54.27375971309026, 54.283721856943615, 54.42319187089061, 54.612472604104404, 54.741980474198044, 55.13050408447898, 55.628611277146845, 56.296074915321775, 57.17274357441721, 58.298465829846585, 60.0418410041841, 61.71548117154812, 63.57840207212592, 65.70033871289101, 67.93185893604304, 69.60549910340706, 70.72125921498306, 71.388722853158, 71.89679218967922, 72.14584578601315, 72.33512651922693, 72.31520223152022, 72.30524008766686, 72.31520223152022, 72.31520223152022, 72.32516437537357, 72.35505080693365, 72.38493723849372, 72.37497509464036, 72.365012950787, 72.37497509464036, 72.37497509464036, 72.37497509464036, 72.37497509464036, 72.37497509464036, 72.37497509464036], "flops": [1.0009000301361084, 1.0011999607086182, 1.0015000104904175, 1.0024000406265259, 1.003499984741211, 1.0073000192642212, 1.0134999752044678, 1.024899959564209, 1.0414999723434448, 1.0666999816894531, 1.0982999801635742, 1.1402000188827515, 1.2060998678207397, 1.2969999313354492, 1.4064998626708984, 1.5575000047683716, 1.7628000974655151, 1.9815000295639038, 2.2421998977661133, 2.4987998008728027, 2.7495999336242676, 2.9632999897003174, 3.1401000022888184, 3.295499801635742, 3.416299819946289, 3.5134999752044678, 3.59909987449646, 3.664900064468384, 3.716099977493286, 3.753000020980835, 3.792799949645996, 3.815700054168701, 3.8401999473571777, 3.857800006866455, 3.875, 3.887500047683716, 3.9021999835968018, 3.9137001037597656, 3.9238998889923096]}