{"test": [54.69, 54.7, 54.71, 54.76, 54.81, 54.94, 55.05, 55.32, 55.53, 55.92, 56.43, 57.38, 58.35, 59.69, 60.93, 62.8, 64.89, 66.92, 68.44, 69.59, 70.23, 70.59, 71.06, 71.23, 71.28, 71.32, 71.35, 71.38, 71.43, 71.4, 71.39, 71.38, 71.39, 71.39, 71.36, 71.34, 71.35, 71.35, 71.34], "val": [54.02470611675633, 54.034668260609685, 54.034668260609685, 54.04463040446304, 54.074516836023115, 54.13428969914325, 54.243873281530185, 54.46304044630404, 54.87148834429169, 55.33970910539948, 55.917513448894205, 56.873879258816494, 57.929866507272365, 59.35445307830245, 60.93843395098625, 62.97071129707113, 64.49491930663478, 66.13867304243874, 67.69276748356246, 69.05758119147241, 69.7350069735007, 70.16337915919506, 70.37258418011557, 70.67144849571628, 70.77106993424985, 70.79099422195657, 70.83084279737, 70.79099422195657, 70.80095636580992, 70.79099422195657, 70.75114564654314, 70.75114564654314, 70.75114564654314, 70.7611077903965, 70.77106993424985, 70.77106993424985, 70.7611077903965, 70.7611077903965, 70.7611077903965], "flops": [1.0009000301361084, 1.0015000104904175, 1.0017000436782837, 1.0029999017715454, 1.0053999423980713, 1.011099934577942, 1.0160000324249268, 1.0285998582839966, 1.044700026512146, 1.0677000284194946, 1.1016000509262085, 1.1488999128341675, 1.212499976158142, 1.2976000308990479, 1.410400152206421, 1.5677000284194946, 1.767199993133545, 1.9890999794006348, 2.246299982070923, 2.4936001300811768, 2.7350001335144043, 2.9526000022888184, 3.1392998695373535, 3.2948999404907227, 3.414599895477295, 3.5090999603271484, 3.59660005569458, 3.660399913787842, 3.7151999473571777, 3.7576000690460205, 3.790800094604492, 3.820399761199951, 3.843400001525879, 3.861599922180176, 3.8788001537323, 3.893399953842163, 3.904099941253662, 3.914400100708008, 3.921299934387207]}