{"test": [53.97, 53.97, 54.01, 54.01, 54.03, 54.11, 54.32, 54.56, 54.96, 55.43, 56.2, 56.9, 58.07, 59.52, 61.4, 63.22, 65.37, 67.31, 69.33, 70.81, 71.93, 72.42, 72.63, 72.75, 72.87, 72.89, 72.96, 72.88, 72.85, 72.86, 72.89, 72.91, 72.9, 72.9, 72.91, 72.92, 72.92, 72.92, 72.92], "val": [52.62004383343295, 52.62004383343295, 52.63000597728631, 52.6798166965531, 52.66985455269974, 52.82924885435346, 52.98864315600717, 53.24765889619446, 53.75572823271568, 54.1940625622634, 54.85156405658498, 56.007172743574415, 57.222554293684, 58.81649731022116, 60.70930464235904, 62.980673440924484, 65.17234508866308, 67.50348675034867, 69.44610480175334, 70.89061566049014, 71.85694361426579, 72.24546722454673, 72.40486152620043, 72.39489938234708, 72.43474795776051, 72.52440725244072, 72.5542936840008, 72.59414225941423, 72.59414225941423, 72.60410440326758, 72.59414225941423, 72.59414225941423, 72.59414225941423, 72.60410440326758, 72.59414225941423, 72.58418011556087, 72.58418011556087, 72.59414225941423, 72.59414225941423], "flops": [1.000599980354309, 1.000599980354309, 1.0006999969482422, 1.002099871635437, 1.0038000345230103, 1.0095000267028809, 1.0153000354766846, 1.0250998735427856, 1.041200041770935, 1.0665000677108765, 1.104699969291687, 1.1477000713348389, 1.2119998931884766, 1.305299997329712, 1.419800043106079, 1.5653001070022583, 1.7677998542785645, 1.9790000915527344, 2.223599910736084, 2.4916000366210938, 2.732100009918213, 2.9601001739501953, 3.1403000354766846, 3.283100128173828, 3.4067001342773438, 3.502500057220459, 3.5809998512268066, 3.6572000980377197, 3.712700128555298, 3.7515997886657715, 3.7881999015808105, 3.816500186920166, 3.8368000984191895, 3.8606998920440674, 3.880199909210205, 3.894399881362915, 3.9060001373291016, 3.91510009765625, 3.9268999099731445]}