{"test": [53.77, 53.78, 53.81, 53.83, 53.88, 53.94, 54.1, 54.33, 54.88, 55.41, 56.08, 56.87, 57.78, 59.18, 60.85, 62.83, 65.28, 67.45, 69.16, 70.67, 71.62, 72.44, 72.83, 73.05, 73.1, 73.09, 73.09, 73.06, 73.08, 73.04, 73.02, 73.03, 73.03, 73.03, 73.03, 73.04, 73.04, 73.04, 73.03], "val": [52.38095238095238, 52.39091452480574, 52.39091452480574, 52.43076310021917, 52.49053596333931, 52.63996812113967, 52.799362422793386, 53.098226738394104, 53.456863917114966, 53.97489539748954, 54.73201833034469, 55.548914126319985, 56.79418210798964, 58.378162980673444, 60.270970312811315, 62.03426977485555, 64.36541143654114, 66.58696951583981, 68.68898186889818, 69.92428770671448, 70.91053994819686, 71.59792787407851, 71.946602908946, 72.00637577206615, 72.12592149830644, 72.10599721059972, 72.16577007371987, 72.21558079298666, 72.24546722454673, 72.17573221757323, 72.16577007371987, 72.15580792986651, 72.14584578601315, 72.16577007371987, 72.15580792986651, 72.15580792986651, 72.15580792986651, 72.15580792986651, 72.15580792986651], "flops": [1.000599980354309, 1.0002000331878662, 1.0011999607086182, 1.0013999938964844, 1.0038000345230103, 1.0083000659942627, 1.0149000883102417, 1.0257999897003174, 1.0479999780654907, 1.0728000402450562, 1.102599859237671, 1.146299958229065, 1.200600028038025, 1.2872999906539917, 1.4163999557495117, 1.5635000467300415, 1.7562998533248901, 1.986899971961975, 2.243100166320801, 2.500200033187866, 2.734600067138672, 2.962100028991699, 3.138200044631958, 3.2880001068115234, 3.4060001373291016, 3.5016000270843506, 3.584400177001953, 3.655700206756592, 3.706399917602539, 3.749000072479248, 3.7839999198913574, 3.8126001358032227, 3.8415000438690186, 3.862600088119507, 3.8790998458862305, 3.891700029373169, 3.9024999141693115, 3.912899971008301, 3.921999931335449]}