{"test": [52.09, 52.1, 52.11, 52.11, 52.17, 52.34, 52.45, 52.67, 52.96, 53.55, 54.35, 55.43, 56.81, 58.5, 60.26, 62.16, 64.24, 66.54, 68.46, 69.39, 70.3, 70.85, 71.23, 71.4, 71.57, 71.64, 71.55, 71.5, 71.47, 71.48, 71.47, 71.47, 71.46, 71.45, 71.45, 71.44, 71.44, 71.44, 71.44], "val": [51.39470013947001, 51.39470013947001, 51.39470013947001, 51.4445108587368, 51.47439729029687, 51.574018728830445, 51.783223749750945, 52.08208806535166, 52.53038453875274, 53.2376967523411, 53.92508467822275, 54.88145048814505, 56.27615062761506, 57.720661486351865, 59.54373381151624, 61.71548117154812, 64.08647140864714, 66.4973102211596, 68.20083682008368, 69.8246662681809, 70.86072922893007, 71.18947997609085, 71.62781430563858, 71.75732217573221, 71.86690575811915, 71.97648934050608, 71.946602908946, 71.91671647738593, 71.93664076509265, 71.93664076509265, 71.95656505279936, 71.97648934050608, 71.98645148435943, 71.98645148435943, 71.98645148435943, 71.98645148435943, 71.98645148435943, 71.97648934050608, 71.97648934050608], "flops": [1.0009000301361084, 1.0011999607086182, 1.0010000467300415, 1.0018999576568604, 1.003999948501587, 1.0099999904632568, 1.0156999826431274, 1.0260999202728271, 1.04010009765625, 1.0643999576568604, 1.1006001234054565, 1.1504000425338745, 1.216999888420105, 1.3106000423431396, 1.426300048828125, 1.5762001276016235, 1.7560999393463135, 1.979200005531311, 2.2389001846313477, 2.5012998580932617, 2.747300148010254, 2.9560999870300293, 3.151599884033203, 3.298099994659424, 3.416800022125244, 3.5180001258850098, 3.6034998893737793, 3.6677000522613525, 3.71560001373291, 3.758000135421753, 3.791800022125244, 3.8163001537323, 3.840099811553955, 3.8617000579833984, 3.880200147628784, 3.8973000049591064, 3.9099998474121094, 3.9200000762939453, 3.9289000034332275]}