{"test": [44.28, 44.28, 44.3, 44.32, 44.39, 44.54, 44.74, 45.03, 45.64, 46.42, 47.2, 48.6, 50.2, 52.11, 54.65, 57.39, 60.71, 64.21, 66.83, 68.83, 70.04, 71.1, 71.68, 72.14, 72.29, 72.26, 72.29, 72.31, 72.38, 72.43, 72.37, 72.39, 72.39, 72.39, 72.39, 72.39, 72.39, 72.39, 72.39], "val": [44.31161585973302, 44.31161585973302, 44.321578003586374, 44.3614265789998, 44.46104801753337, 44.59055588762702, 44.76987447698745, 45.028890217174734, 45.596732416816096, 46.164574616457465, 46.981470412432756, 48.16696553098227, 50.019924287706715, 52.14186092847181, 54.81171548117155, 57.780434349472, 61.008168957959754, 64.07650926479378, 66.75632596134689, 68.64913329348475, 70.17334130304842, 71.01016138673043, 71.67762502490535, 72.05618649133294, 72.09603506674637, 72.21558079298666, 72.26539151225343, 72.2952779438135, 72.33512651922693, 72.30524008766686, 72.32516437537357, 72.32516437537357, 72.31520223152022, 72.31520223152022, 72.31520223152022, 72.31520223152022, 72.31520223152022, 72.31520223152022, 72.31520223152022], "flops": [1.000599980354309, 1.0003999471664429, 1.0015000104904175, 1.0022999048233032, 1.0042999982833862, 1.0094000101089478, 1.0160000324249268, 1.024999976158142, 1.042199969291687, 1.0642999410629272, 1.0933998823165894, 1.144700050354004, 1.2042999267578125, 1.2906999588012695, 1.4093000888824463, 1.5657999515533447, 1.7634000778198242, 1.9970999956130981, 2.249000072479248, 2.496500015258789, 2.7339999675750732, 2.9449000358581543, 3.128200054168701, 3.281599998474121, 3.4070000648498535, 3.515500068664551, 3.588900089263916, 3.6547999382019043, 3.7086000442504883, 3.7574000358581543, 3.7925000190734863, 3.816200017929077, 3.8421998023986816, 3.866300106048584, 3.8849000930786133, 3.897899866104126, 3.9076998233795166, 3.9160001277923584, 3.923799991607666]}