{"test": [46.41, 46.42, 46.44, 46.46, 46.54, 46.65, 46.72, 46.94, 47.22, 47.92, 48.53, 49.51, 50.63, 52.41, 54.09, 56.2, 58.33, 60.57, 62.37, 63.42, 64.33, 64.87, 65.1, 65.18, 65.12, 65.02, 64.95, 64.96, 64.98, 65.0, 64.91, 64.86, 64.86, 64.82, 64.78, 64.81, 64.8, 64.8, 64.8], "val": [46.12395376644081, 46.1139896373057, 46.12395376644081, 46.15384615384615, 46.19370267038661, 46.283379832602634, 46.492626544440014, 46.84137106416899, 47.09047429254683, 47.658429653248305, 48.46552411319251, 49.461937026703865, 50.92666400956556, 52.47110402550817, 54.264647269828615, 56.38700677560781, 58.81825428457553, 60.58190514149064, 62.714228776404944, 63.89996014348346, 64.3682742128338, 64.72698286169789, 64.82662415304902, 64.81666002391391, 64.67716221602232, 64.62734157034676, 64.62734157034676, 64.39816660023914, 64.38820247110402, 64.32841769629334, 64.33838182542846, 64.298525308888, 64.2188122758071, 64.18891988840176, 64.16899163013153, 64.18891988840176, 64.16899163013153, 64.16899163013153, 64.15902750099642], "flops": [1.000599980354309, 1.0020999908447266, 1.0019999742507935, 1.003600001335144, 1.0074999332427979, 1.011299967765808, 1.0168999433517456, 1.027500033378601, 1.0438998937606812, 1.0707999467849731, 1.104699969291687, 1.149899959564209, 1.212499976158142, 1.312000036239624, 1.4316998720169067, 1.5859999656677246, 1.7732000350952148, 1.9974000453948975, 2.2444000244140625, 2.4937000274658203, 2.748300075531006, 2.9643001556396484, 3.152099847793579, 3.304299831390381, 3.4214999675750732, 3.519200086593628, 3.6012001037597656, 3.672100067138672, 3.720099925994873, 3.7539000511169434, 3.7920000553131104, 3.817199945449829, 3.840700149536133, 3.863600015640259, 3.8823001384735107, 3.895400047302246, 3.9075000286102295, 3.9149999618530273, 3.9235000610351562]}