{"test": [43.69, 43.69, 43.7, 43.77, 43.81, 43.87, 44.03, 44.32, 44.69, 45.29, 46.19, 47.04, 48.31, 49.79, 51.7, 54.09, 56.42, 58.62, 60.1, 61.48, 62.19, 62.56, 62.8, 62.77, 62.6, 62.39, 62.3, 62.05, 62.02, 61.93, 61.87, 61.83, 61.84, 61.85, 61.85, 61.83, 61.83, 61.81, 61.81], "val": [43.074930251096056, 43.074930251096056, 43.08489438023117, 43.11478676763651, 43.17457154244719, 43.28417696293344, 43.51335193304105, 43.79234754882423, 44.260661618174574, 44.8684734954165, 45.71542447190116, 46.95097648465524, 48.24631327222001, 49.99003587086489, 51.81347150259067, 54.294539657233955, 56.476683937823836, 58.92785970506178, 60.910721402949385, 61.6580310880829, 62.315663611000396, 62.60462335591869, 62.56476683937824, 62.49501793543244, 62.62455161418892, 62.60462335591869, 62.55480271024312, 62.43523316062176, 62.37544838581108, 62.285771223595056, 62.225986448784376, 62.225986448784376, 62.20605819051415, 62.166201673973696, 62.166201673973696, 62.136309286568356, 62.12634515743324, 62.08648864089279, 62.076524511757675], "flops": [1.000599980354309, 1.000599980354309, 1.0017999410629272, 1.003100037574768, 1.00409996509552, 1.00819993019104, 1.0145999193191528, 1.0245000123977661, 1.0390000343322754, 1.0643999576568604, 1.1033000946044922, 1.1530998945236206, 1.2180999517440796, 1.3043999671936035, 1.4301000833511353, 1.5880000591278076, 1.7834999561309814, 2.0072999000549316, 2.254199981689453, 2.5, 2.7428998947143555, 2.9632999897003174, 3.157099962234497, 3.309199810028076, 3.4332001209259033, 3.530900001525879, 3.5987000465393066, 3.6617000102996826, 3.7118000984191895, 3.7499001026153564, 3.787799835205078, 3.816999912261963, 3.8424999713897705, 3.8606998920440674, 3.8783998489379883, 3.8924999237060547, 3.904900074005127, 3.917799949645996, 3.9238998889923096]}