{"test": [49.41, 49.41, 49.44, 49.47, 49.52, 49.55, 49.75, 49.93, 50.19, 50.64, 51.11, 51.63, 52.64, 53.94, 55.57, 57.14, 58.91, 60.8, 62.02, 62.96, 63.67, 64.13, 64.29, 64.45, 64.54, 64.61, 64.68, 64.65, 64.66, 64.69, 64.72, 64.66, 64.69, 64.73, 64.75, 64.75, 64.73, 64.73, 64.73], "val": [48.81426863292148, 48.83419689119171, 48.84416102032682, 48.884017536867276, 48.884017536867276, 48.93383818254284, 49.02351534475887, 49.27261857313671, 49.561578318055005, 49.91032283778398, 50.57791948983659, 51.16580310880829, 52.33160621761658, 53.7365484256676, 55.33080908728577, 56.506576325229176, 58.33001195695496, 60.023913909924275, 61.38899960143483, 62.315663611000396, 63.10282981267437, 63.601036269430054, 63.88999601434835, 63.999601434834595, 63.97967317656437, 64.02949382223994, 64.02949382223994, 64.07931446791551, 64.00956556396972, 64.02949382223994, 64.00956556396972, 64.0693503387804, 64.08927859705062, 64.08927859705062, 64.08927859705062, 64.09924272618574, 64.08927859705062, 64.0693503387804, 64.07931446791551], "flops": [1.0015000104904175, 1.001099944114685, 1.0015000104904175, 1.0024999380111694, 1.0047000646591187, 1.0068000555038452, 1.0144999027252197, 1.0255999565124512, 1.041200041770935, 1.064000129699707, 1.097499966621399, 1.1480000019073486, 1.211400032043457, 1.3101999759674072, 1.4311999082565308, 1.5836999416351318, 1.7782999277114868, 2.013200044631958, 2.261899948120117, 2.498800039291382, 2.7476000785827637, 2.9707999229431152, 3.151599884033203, 3.300300121307373, 3.4232001304626465, 3.525599956512451, 3.60860013961792, 3.6717000007629395, 3.7195000648498535, 3.7611000537872314, 3.7924997806549072, 3.8221001625061035, 3.8436999320983887, 3.8606998920440674, 3.8762001991271973, 3.890899896621704, 3.9042000770568848, 3.915099859237671, 3.9263999462127686]}