{"test": [45.93, 45.96, 45.96, 46.01, 46.03, 46.18, 46.41, 46.56, 46.94, 47.49, 48.23, 49.08, 50.14, 51.69, 53.77, 55.82, 58.28, 60.44, 61.79, 63.23, 63.51, 63.82, 64.1, 64.17, 64.11, 64.08, 64.27, 64.15, 64.13, 63.99, 63.96, 63.88, 63.84, 63.87, 63.85, 63.86, 63.86, 63.88, 63.85], "val": [45.59585492227979, 45.59585492227979, 45.59585492227979, 45.61578318055002, 45.65563969709047, 45.78517337584695, 45.974491829414106, 46.10402550817059, 46.592267835791155, 47.17018732562774, 47.7979274611399, 48.824232762056596, 50.08967716221602, 51.50458349940215, 53.447588680749305, 55.858907931446794, 58.310083698684736, 60.01394978078916, 61.74770825029892, 62.82383419689119, 63.35193304105221, 63.630928656835394, 63.720605819051414, 63.58110801115983, 63.51135910721403, 63.601036269430054, 63.571143882024714, 63.62096452770028, 63.64089278597051, 63.630928656835394, 63.5611797528896, 63.571143882024714, 63.58110801115983, 63.58110801115983, 63.571143882024714, 63.53128736548425, 63.54125149461937, 63.53128736548425, 63.51135910721403], "flops": [1.0009000301361084, 1.0019999742507935, 1.0019999742507935, 1.0036001205444336, 1.005099892616272, 1.0092999935150146, 1.017899990081787, 1.0277999639511108, 1.0449000597000122, 1.0676000118255615, 1.09850013256073, 1.1452000141143799, 1.217900037765503, 1.3108999729156494, 1.4286000728607178, 1.5772000551223755, 1.7760999202728271, 2.0007998943328857, 2.2476000785827637, 2.496300220489502, 2.7441999912261963, 2.9611001014709473, 3.155099868774414, 3.302999973297119, 3.427800178527832, 3.527400016784668, 3.6054999828338623, 3.6771998405456543, 3.723599910736084, 3.7624998092651367, 3.791299819946289, 3.8157999515533447, 3.8409998416900635, 3.8630001544952393, 3.879300117492676, 3.8917999267578125, 3.9024999141693115, 3.9103000164031982, 3.9201998710632324]}