{"test": [42.83, 42.84, 42.86, 42.87, 42.9, 42.99, 43.08, 43.39, 43.66, 44.23, 44.95, 46.09, 47.34, 48.8, 50.74, 52.86, 55.48, 57.82, 59.83, 61.67, 63.08, 63.94, 64.56, 64.69, 64.92, 64.8, 64.91, 64.85, 64.86, 64.82, 64.91, 64.92, 64.92, 64.93, 64.89, 64.87, 64.88, 64.87, 64.85], "val": [42.795934635312875, 42.80589876444799, 42.8158628935831, 42.825827022718215, 42.84575528098844, 42.975288959744915, 43.11478676763651, 43.433638899960144, 43.78238341968912, 44.23076923076923, 44.719011558389795, 45.75528098844161, 47.1402949382224, 48.93383818254284, 51.07612594659227, 53.04902351534476, 55.24113192506975, 57.6225587883619, 59.924272618573134, 61.73774412116381, 62.644479872459144, 63.50139497807891, 64.23874053407732, 64.6572339577521, 64.76683937823834, 65.14547628537265, 65.21522518931846, 65.15544041450777, 65.11558389796731, 65.01594260661618, 65.01594260661618, 65.07572738142686, 65.0358708648864, 65.01594260661618, 64.9561578318055, 64.97608609007573, 65.00597847748107, 65.01594260661618, 64.99601434834595], "flops": [1.000599980354309, 1.0015000104904175, 1.0017000436782837, 1.0022000074386597, 1.003499984741211, 1.0077999830245972, 1.0134999752044678, 1.0252000093460083, 1.042799949645996, 1.0654000043869019, 1.1011000871658325, 1.1535999774932861, 1.224599838256836, 1.3133000135421753, 1.4380000829696655, 1.5885000228881836, 1.7792998552322388, 2.0025999546051025, 2.245699882507324, 2.5139000415802, 2.7511000633239746, 2.9663000106811523, 3.1557998657226562, 3.3066999912261963, 3.42900013923645, 3.527200222015381, 3.6044998168945312, 3.6710000038146973, 3.721299886703491, 3.7617998123168945, 3.7936999797821045, 3.821699857711792, 3.845600128173828, 3.8630998134613037, 3.8813998699188232, 3.893099784851074, 3.9049999713897705, 3.9149999618530273, 3.9254000186920166]}