{"test": [40.67, 40.68, 40.68, 40.72, 40.77, 40.84, 41.0, 41.24, 41.62, 42.07, 42.58, 43.52, 44.98, 46.49, 48.32, 50.45, 53.21, 55.76, 57.65, 59.45, 60.88, 61.91, 62.66, 63.05, 63.06, 63.35, 63.5, 63.52, 63.61, 63.66, 63.64, 63.62, 63.62, 63.64, 63.63, 63.63, 63.63, 63.62, 63.64], "val": [40.78318055001993, 40.79314467915504, 40.79314467915504, 40.803108808290155, 40.85292945396572, 40.97249900358709, 41.052212036667996, 41.40095655639697, 41.809485850936625, 42.29772817855719, 43.11478676763651, 44.141092068553206, 45.47628537265843, 47.200079713033084, 49.282582702271824, 51.34515743324034, 53.79633320047828, 56.11797528895975, 58.24033479473894, 59.824631327222, 61.249501793543246, 61.976883220406535, 62.654444001594264, 63.023116779593465, 63.28218413710642, 63.43164607413312, 63.50139497807891, 63.59107214029494, 63.62096452770028, 63.660821044240734, 63.62096452770028, 63.5611797528896, 63.601036269430054, 63.59107214029494, 63.601036269430054, 63.59107214029494, 63.59107214029494, 63.571143882024714, 63.601036269430054], "flops": [1.000599980354309, 1.0011999607086182, 1.0008000135421753, 1.0025999546051025, 1.0042998790740967, 1.0088000297546387, 1.0161000490188599, 1.0256999731063843, 1.043299913406372, 1.069700002670288, 1.1028000116348267, 1.1475999355316162, 1.218999981880188, 1.3071999549865723, 1.43149995803833, 1.5899999141693115, 1.788699984550476, 2.024399995803833, 2.2512998580932617, 2.5151000022888184, 2.7463998794555664, 2.9607999324798584, 3.150599956512451, 3.30400013923645, 3.4226999282836914, 3.5237998962402344, 3.6100001335144043, 3.66759991645813, 3.7207999229431152, 3.7620997428894043, 3.7945001125335693, 3.819499969482422, 3.845599889755249, 3.8640999794006348, 3.8831000328063965, 3.897899866104126, 3.909299850463867, 3.9190001487731934, 3.9286999702453613]}