{"test": [18.09, 18.09, 18.11, 18.23, 18.29, 18.37, 18.61, 18.94, 19.32, 19.96, 20.9, 21.93, 23.44, 25.54, 28.77, 32.5, 36.41, 40.75, 45.54, 50.17, 53.77, 56.76, 59.13, 60.76, 61.84, 62.56, 62.96, 63.27, 63.35, 63.42, 63.42, 63.47, 63.5, 63.53, 63.54, 63.53, 63.55, 63.57, 63.58], "val": [18.194499800717416, 18.20446392985253, 18.214428058987643, 18.244320446392987, 18.324033479473893, 18.45356715823037, 18.72259864487844, 18.95177361498605, 19.410123555201274, 20.19728975687525, 21.153846153846153, 22.22997210043842, 23.814268632921483, 25.926664009565563, 28.626943005181346, 32.1841371064169, 36.34914308489438, 40.554005579912314, 45.6755679553607, 49.88043045037864, 53.83618971701873, 56.9649262654444, 58.828218413710644, 60.5619768832204, 61.667995217218014, 62.15623754483858, 62.57473096851335, 62.833798326026304, 63.023116779593465, 63.272220007971306, 63.37186129932244, 63.40175368672778, 63.42168194499801, 63.45157433240335, 63.44161020326823, 63.42168194499801, 63.38182542845755, 63.44161020326823, 63.45157433240335], "flops": [1.0, 1.0, 1.0011999607086182, 1.005000114440918, 1.0074000358581543, 1.0119999647140503, 1.0202000141143799, 1.0322999954223633, 1.0507999658584595, 1.0791000127792358, 1.1125999689102173, 1.1600000858306885, 1.2295000553131104, 1.3130000829696655, 1.4383999109268188, 1.6117000579833984, 1.7977999448776245, 2.0099000930786133, 2.2600998878479004, 2.5151000022888184, 2.7505998611450195, 2.9657998085021973, 3.149700164794922, 3.299799919128418, 3.421299934387207, 3.5198001861572266, 3.603799819946289, 3.6659998893737793, 3.723099946975708, 3.762500047683716, 3.791800022125244, 3.8227999210357666, 3.8471999168395996, 3.8629000186920166, 3.878000020980835, 3.8930001258850098, 3.907099962234497, 3.9175000190734863, 3.9260001182556152]}