{"test": [37.23, 37.23, 37.25, 37.33, 37.37, 37.5, 37.73, 38.07, 38.57, 39.07, 39.86, 40.94, 42.43, 44.44, 47.29, 50.18, 52.77, 55.92, 58.18, 60.2, 61.17, 61.8, 61.98, 62.15, 62.07, 61.78, 61.34, 61.08, 60.92, 60.69, 60.57, 60.49, 60.5, 60.44, 60.35, 60.29, 60.23, 60.22, 60.19], "val": [37.26349332802231, 37.26349332802231, 37.27345150368453, 37.29336785500896, 37.33320055765784, 37.54232224656443, 37.801234813782116, 38.03027285401315, 38.478390758812985, 39.026090420235015, 39.70324636526588, 40.94801832304322, 42.49153555068711, 44.18442541326429, 46.61422027484565, 49.29296952798247, 52.46962756423023, 55.15833499302928, 57.578171678948415, 59.908384783907586, 61.21290579565824, 62.069308902609045, 62.0991834295957, 62.16889065923123, 62.049392551284605, 61.84027086237801, 61.74068910575583, 61.60127464648476, 61.42202748456483, 61.24278032264489, 61.09340768771161, 61.04361680940052, 60.983867755427205, 60.95399322844055, 60.86436964748058, 60.79466241784505, 60.76478789085839, 60.70503883688508, 60.69508066122287], "flops": [1.0, 1.0003000497817993, 1.0006999969482422, 1.0020999908447266, 1.0047999620437622, 1.0111000537872314, 1.0180001258850098, 1.027899980545044, 1.047800064086914, 1.0681999921798706, 1.1036999225616455, 1.1525999307632446, 1.2218000888824463, 1.31440007686615, 1.4402999877929688, 1.5974000692367554, 1.8063000440597534, 2.029399871826172, 2.265500068664551, 2.5089001655578613, 2.7548999786376953, 2.972399950027466, 3.1530001163482666, 3.3144001960754395, 3.427299976348877, 3.5251998901367188, 3.6048998832702637, 3.6710000038146973, 3.722100019454956, 3.763899803161621, 3.7989001274108887, 3.8262999057769775, 3.851300001144409, 3.871500015258789, 3.884999990463257, 3.90310001373291, 3.9138998985290527, 3.92110013961792, 3.9308998584747314]}