{"test": [40.3, 40.3, 40.38, 40.38, 40.43, 40.54, 40.69, 41.04, 41.46, 42.09, 42.96, 44.18, 45.88, 47.41, 49.53, 52.4, 55.64, 58.47, 61.04, 63.13, 64.51, 65.13, 65.26, 65.17, 65.11, 64.85, 64.7, 64.5, 64.51, 64.44, 64.39, 64.31, 64.16, 64.12, 64.11, 64.1, 64.09, 64.06, 64.02], "val": [39.66341366261701, 39.66341366261701, 39.66341366261701, 39.733120892252536, 39.78291177056363, 39.85261900019916, 40.00199163513244, 40.21111332403903, 40.619398526190004, 41.137223660625374, 41.79446325433181, 42.919737104162515, 44.523003385779724, 46.733718382792276, 49.10376419040032, 51.8123879705238, 55.078669587731525, 58.02628958374826, 60.834495120493926, 63.06512646883091, 64.61860187213702, 65.26588329018124, 65.73391754630552, 65.79366660027883, 65.76379207329218, 65.58454491137223, 65.54471220872337, 65.36546504680342, 65.2459669388568, 65.2459669388568, 65.15634335789683, 65.11651065524796, 64.9770961959769, 64.91734714200358, 64.87751443935471, 64.85759808803027, 64.85759808803027, 64.86755626369249, 64.86755626369249], "flops": [1.0011999607086182, 1.0011999607086182, 1.0032000541687012, 1.003600001335144, 1.0053999423980713, 1.0108000040054321, 1.0155999660491943, 1.0290000438690186, 1.0453999042510986, 1.071799874305725, 1.1070001125335693, 1.1579999923706055, 1.230299949645996, 1.3170000314712524, 1.4320999383926392, 1.5975000858306885, 1.7905000448226929, 2.0127999782562256, 2.255000114440918, 2.5013999938964844, 2.741499900817871, 2.963900089263916, 3.1528000831604004, 3.3078999519348145, 3.4277000427246094, 3.5205001831054688, 3.5998001098632812, 3.667099952697754, 3.724299907684326, 3.761000156402588, 3.791800022125244, 3.8190999031066895, 3.84660005569458, 3.8652000427246094, 3.882999897003174, 3.895699977874756, 3.908099889755249, 3.919100046157837, 3.928499937057495]}