{"test": [40.32, 40.33, 40.33, 40.34, 40.42, 40.51, 40.74, 40.93, 41.47, 42.16, 42.91, 44.29, 45.89, 47.53, 49.66, 52.42, 55.73, 58.69, 61.11, 63.18, 64.62, 65.07, 65.21, 65.34, 65.19, 64.84, 64.58, 64.43, 64.43, 64.37, 64.32, 64.2, 64.14, 64.12, 64.09, 64.07, 64.06, 64.02, 64.01], "val": [39.49412467635929, 39.49412467635929, 39.48416650069707, 39.543915554670384, 39.59370643298148, 39.67337183827923, 39.79286994622585, 40.12148974307907, 40.420235012945625, 40.808603863772156, 41.53555068711412, 42.61103365863374, 44.33379804819757, 46.43497311292571, 48.73531169089823, 51.50368452499502, 54.85958972316271, 57.86695877315276, 60.625373431587334, 62.88587930691097, 64.51902011551483, 65.2957578171679, 65.80362477594105, 65.76379207329218, 65.89324835690101, 65.79366660027883, 65.70404301931886, 65.5646285600478, 65.42521410077674, 65.37542322246564, 65.31567416849234, 65.18621788488349, 65.09659430392352, 65.06671977693686, 65.06671977693686, 65.09659430392352, 65.07667795259908, 65.09659430392352, 65.07667795259908], "flops": [1.0011999607086182, 1.0012999773025513, 1.0012999773025513, 1.0022000074386597, 1.0061999559402466, 1.010200023651123, 1.018200159072876, 1.026300072669983, 1.0434000492095947, 1.0729999542236328, 1.108199954032898, 1.1604000329971313, 1.2304000854492188, 1.321700096130371, 1.4391999244689941, 1.586400032043457, 1.7891000509262085, 2.0142998695373535, 2.2527999877929688, 2.5085999965667725, 2.7427000999450684, 2.9576001167297363, 3.1486001014709473, 3.3062000274658203, 3.4250998497009277, 3.517199993133545, 3.5975000858306885, 3.6686999797821045, 3.7237000465393066, 3.76069974899292, 3.7960000038146973, 3.8213000297546387, 3.8436999320983887, 3.8659000396728516, 3.8808000087738037, 3.8935999870300293, 3.9077000617980957, 3.9163999557495117, 3.924800157546997]}