{"test": [42.74, 42.75, 42.76, 42.78, 42.83, 42.9, 43.04, 43.26, 43.49, 43.94, 44.41, 45.12, 46.29, 47.89, 49.48, 52.11, 54.57, 56.49, 58.47, 60.18, 61.29, 61.94, 62.69, 62.99, 63.29, 63.18, 63.34, 63.39, 63.39, 63.38, 63.41, 63.41, 63.4, 63.41, 63.38, 63.36, 63.33, 63.32, 63.3], "val": [42.770364469229236, 42.770364469229236, 42.770364469229236, 42.780322644891456, 42.84007169886477, 42.89982075283808, 43.03923521210914, 43.26827325234017, 43.51722764389564, 43.93547102170882, 44.66241784505079, 45.53873730332603, 46.514638518223464, 47.80920135431189, 49.49213304122685, 51.74268074088827, 53.843855805616414, 55.95498904600677, 58.34495120493926, 60.11750647281418, 61.48177653853814, 62.23859788886676, 62.766381198964346, 63.324039036048596, 63.493328022306315, 63.58295160326628, 63.493328022306315, 63.44353714399522, 63.36387173869747, 63.343955387373036, 63.38378809002191, 63.324039036048596, 63.333997211710816, 63.36387173869747, 63.38378809002191, 63.35391356303525, 63.333997211710816, 63.324039036048596, 63.304122684724156], "flops": [1.0018000602722168, 1.0012999773025513, 1.0013999938964844, 1.003000020980835, 1.0052000284194946, 1.01010000705719, 1.0189000368118286, 1.0298000574111938, 1.0472999811172485, 1.0706000328063965, 1.0978999137878418, 1.1460999250411987, 1.2127000093460083, 1.3056000471115112, 1.427299976348877, 1.5850999355316162, 1.7827000617980957, 2.0023000240325928, 2.251300096511841, 2.504199981689453, 2.739300012588501, 2.948899745941162, 3.1399002075195312, 3.2827000617980957, 3.4099998474121094, 3.5160999298095703, 3.600299835205078, 3.6675000190734863, 3.717100143432617, 3.759200096130371, 3.793600082397461, 3.8220999240875244, 3.8447000980377197, 3.8615000247955322, 3.879699945449829, 3.894199848175049, 3.904600143432617, 3.914299964904785, 3.923799991607666]}