{"test": [32.5, 32.49, 32.51, 32.51, 32.51, 32.58, 32.86, 33.12, 33.43, 33.82, 34.48, 35.45, 36.69, 38.06, 40.22, 42.74, 45.7, 48.98, 52.01, 54.84, 57.16, 59.36, 60.58, 61.45, 61.96, 62.36, 62.55, 62.55, 62.72, 62.84, 62.95, 63.03, 63.03, 63.06, 63.07, 63.07, 63.06, 63.05, 63.05], "val": [31.557458673571002, 31.567416849233222, 31.567416849233222, 31.597291376219875, 31.64708225453097, 31.696873132842065, 31.816371240788687, 31.925911173073093, 32.29436367257519, 32.69269069906393, 33.509261103365866, 34.48516231826329, 35.819557857000596, 37.53236407090221, 39.58374825731926, 41.91396136227843, 44.8317068313085, 48.167695678151766, 51.03565026887074, 54.25214100776738, 56.6122286397132, 58.40470025891257, 59.62955586536547, 60.76478789085839, 61.342362079267076, 61.7805218084047, 62.11909978092014, 62.208723361880104, 62.27843059151564, 62.427803226448916, 62.46763592909779, 62.50746863174666, 62.577175861382194, 62.567217685719974, 62.577175861382194, 62.60705038836885, 62.62696673969329, 62.62696673969329, 62.63692491535551], "flops": [1.0011999607086182, 1.0012999773025513, 1.0013999938964844, 1.0017999410629272, 1.0038999319076538, 1.0089000463485718, 1.0166000127792358, 1.027400016784668, 1.0478999614715576, 1.0702999830245972, 1.1023000478744507, 1.1502999067306519, 1.2143000364303589, 1.3019999265670776, 1.4205000400543213, 1.5733001232147217, 1.7621999979019165, 1.990399956703186, 2.2335000038146973, 2.4994001388549805, 2.739799976348877, 2.959199905395508, 3.143399953842163, 3.3015999794006348, 3.427500009536743, 3.5279998779296875, 3.609800100326538, 3.672499895095825, 3.7213997840881348, 3.7616000175476074, 3.7969000339508057, 3.8285999298095703, 3.8486998081207275, 3.8722000122070312, 3.886699914932251, 3.9003000259399414, 3.9130001068115234, 3.9249000549316406, 3.9319000244140625]}