{"test": [36.97, 36.97, 36.99, 37.04, 37.17, 37.25, 37.49, 37.78, 38.16, 38.65, 39.42, 40.52, 41.95, 43.98, 46.38, 49.07, 51.68, 54.59, 57.29, 59.27, 60.78, 61.74, 62.26, 62.61, 62.87, 63.01, 63.13, 63.05, 63.08, 63.01, 63.06, 63.09, 63.11, 63.06, 63.07, 63.04, 63.05, 63.03, 63.02], "val": [36.128261302529374, 36.138219478191594, 36.168094005178254, 36.168094005178254, 36.247759410476, 36.44692292372037, 36.73571001792472, 37.08424616610237, 37.53236407090221, 38.099980083648674, 38.93646683927504, 40.280820553674566, 42.013543118900614, 43.985261900019914, 46.2158932483569, 48.88468432583151, 51.95180242979486, 54.68034256124278, 57.17984465245967, 59.4901414060944, 61.22286397132046, 62.08922525393348, 62.74646484763991, 63.02529376618204, 63.304122684724156, 63.463453495319655, 63.503286197968535, 63.54311890061741, 63.58295160326628, 63.622784305915154, 63.652658832901814, 63.632742481577374, 63.642700657239594, 63.61282613025294, 63.67257518422625, 63.68253335988847, 63.68253335988847, 63.68253335988847, 63.70244971121291], "flops": [1.000599980354309, 1.0003999471664429, 1.0011999607086182, 1.002099871635437, 1.0051000118255615, 1.0095000267028809, 1.017199993133545, 1.0297999382019043, 1.0442999601364136, 1.0652999877929688, 1.1017000675201416, 1.1483999490737915, 1.2148001194000244, 1.3091000318527222, 1.438099980354309, 1.5994000434875488, 1.774399995803833, 2.001199960708618, 2.2504000663757324, 2.510200023651123, 2.7439000606536865, 2.960599899291992, 3.1433000564575195, 3.2971999645233154, 3.4231998920440674, 3.518399953842163, 3.6024999618530273, 3.6684999465942383, 3.717399835586548, 3.7629001140594482, 3.7951998710632324, 3.823199987411499, 3.8468000888824463, 3.868000030517578, 3.8845999240875244, 3.898200035095215, 3.909600019454956, 3.9228999614715576, 3.930999994277954]}