{"test": [37.27, 37.27, 37.29, 37.29, 37.34, 37.52, 37.62, 37.88, 38.18, 38.81, 39.45, 40.39, 41.81, 43.41, 45.38, 47.83, 49.77, 51.96, 53.92, 55.48, 56.4, 57.22, 57.35, 57.21, 57.1, 57.04, 56.97, 56.8, 56.64, 56.58, 56.51, 56.41, 56.39, 56.31, 56.25, 56.26, 56.24, 56.25, 56.21], "val": [36.71579366660028, 36.7257518422625, 36.73571001792472, 36.73571001792472, 36.80541724756025, 36.93487353116909, 37.064329814777935, 37.29336785500896, 37.71161123282215, 38.299143596893046, 39.23521210914161, 40.270862378012346, 41.6849233220474, 43.34793865763792, 45.39932284405497, 47.57020513841864, 49.80083648675563, 52.250547699661425, 54.08285202150966, 55.4371639115714, 56.47281418044214, 56.542521410077676, 56.95080661222864, 57.060346544513045, 57.229635530770764, 57.02051384186417, 56.95080661222864, 56.87114120693089, 56.711810396335395, 56.662019518024294, 56.63214499103764, 56.532563234415456, 56.522605058753236, 56.42302330213105, 56.37323242381996, 56.35331607249552, 56.36327424815774, 56.333399721171084, 56.323441545508864], "flops": [1.000599980354309, 1.000499963760376, 1.002500057220459, 1.0022000074386597, 1.0051000118255615, 1.0104999542236328, 1.0161000490188599, 1.0261999368667603, 1.0415000915527344, 1.067199945449829, 1.1007999181747437, 1.148900032043457, 1.2149999141693115, 1.3151999711990356, 1.4322000741958618, 1.584999918937683, 1.7725999355316162, 1.9977999925613403, 2.247299909591675, 2.5076000690460205, 2.7487001419067383, 2.9570999145507812, 3.1405999660491943, 3.2957000732421875, 3.41729998588562, 3.523699998855591, 3.6064000129699707, 3.666900157928467, 3.7207000255584717, 3.758500099182129, 3.7973999977111816, 3.827700138092041, 3.848599910736084, 3.8712000846862793, 3.8851001262664795, 3.8994998931884766, 3.9085001945495605, 3.919600009918213, 3.9266998767852783]}