{"test": [11.89, 11.88, 11.89, 11.9, 11.97, 12.09, 12.24, 12.44, 12.75, 13.25, 13.92, 14.98, 16.31, 18.23, 20.96, 24.8, 28.86, 33.73, 38.81, 43.16, 47.44, 50.66, 53.31, 55.25, 56.96, 57.83, 58.56, 58.99, 59.41, 59.6, 59.8, 59.89, 59.92, 59.97, 59.99, 60.04, 60.0, 60.01, 60.02], "val": [11.48177653853814, 11.48177653853814, 11.511651065524795, 11.541525592511451, 11.55148376817367, 11.670981876120294, 11.790479984066918, 12.059350726946823, 12.37801234813782, 12.945628360884285, 13.762198765186218, 14.857598088030272, 16.381198964349732, 18.522206731726747, 21.091416052579167, 24.726150169288985, 28.868751244771957, 33.638717386974704, 38.27922724556861, 43.0691097390958, 47.34116709818761, 50.776737701653055, 53.59490141406094, 55.55666201951802, 57.25951005775742, 58.20553674566819, 58.9026090420235, 59.31089424417447, 59.65943039235212, 59.97809201354312, 60.21708822943637, 60.246962756423024, 60.31666998605856, 60.35650268870743, 60.31666998605856, 60.32662816172077, 60.32662816172077, 60.35650268870743, 60.35650268870743], "flops": [1.0032999515533447, 1.0024000406265259, 1.0026999711990356, 1.0027999877929688, 1.0059000253677368, 1.0098999738693237, 1.0170999765396118, 1.027400016784668, 1.0398999452590942, 1.0658000707626343, 1.0978000164031982, 1.1474000215530396, 1.2077000141143799, 1.2980999946594238, 1.4187999963760376, 1.5773000717163086, 1.7741000652313232, 2.0001001358032227, 2.2418999671936035, 2.5018999576568604, 2.737100124359131, 2.9485998153686523, 3.140900135040283, 3.2915000915527344, 3.4223999977111816, 3.5157999992370605, 3.598599910736084, 3.6672000885009766, 3.7181999683380127, 3.7616000175476074, 3.7961997985839844, 3.8229000568389893, 3.8482000827789307, 3.8671000003814697, 3.8835999965667725, 3.8975000381469727, 3.9095001220703125, 3.919300079345703, 3.9266998767852783]}