{"test": [50.23, 50.23, 50.23, 50.22, 50.23, 50.42, 50.59, 50.88, 51.27, 51.83, 52.22, 52.81, 53.83, 54.74, 56.03, 57.17, 58.58, 59.31, 59.75, 59.7, 59.15, 58.7, 57.83, 57.37, 56.68, 56.25, 55.82, 55.5, 55.27, 55.19, 55.13, 55.05, 55.03, 55.0, 54.94, 54.93, 54.93, 54.93, 54.93], "val": [50.18920533758215, 50.18920533758215, 50.20912168890659, 50.22903804023103, 50.288787094204345, 50.448117904799844, 50.57757418840868, 50.76677952599084, 50.93606851224855, 51.46385182234614, 52.14100776737702, 52.947619996016726, 53.89364668392751, 54.85958972316271, 55.89523999203346, 57.050388368850825, 58.00637323242382, 59.042023501294565, 59.31089424417447, 59.63951404102768, 59.529974108743275, 58.77315275841466, 58.06612228639713, 57.6777534355706, 57.0902210714997, 56.64210316669986, 56.174068910575585, 55.84544911372237, 55.765783708424614, 55.67616012746465, 55.606452897829115, 55.50687114120693, 55.476996614220276, 55.4371639115714, 55.42720573590918, 55.36745668193587, 55.35749850627365, 55.39733120892252, 55.37741485759809], "flops": [1.0, 1.0, 1.0006998777389526, 1.0018000602722168, 1.0038000345230103, 1.010699987411499, 1.0175000429153442, 1.0313000679016113, 1.0471000671386719, 1.0760999917984009, 1.1103999614715576, 1.1567000150680542, 1.222599983215332, 1.3059998750686646, 1.4297000169754028, 1.5964000225067139, 1.7926000356674194, 2.0078001022338867, 2.251999855041504, 2.5039000511169434, 2.745699882507324, 2.9628000259399414, 3.1456000804901123, 3.293599843978882, 3.4226999282836914, 3.5137999057769775, 3.593899965286255, 3.657900094985962, 3.717100143432617, 3.7569000720977783, 3.791100025177002, 3.8216001987457275, 3.846299886703491, 3.8660998344421387, 3.8854000568389893, 3.8991000652313232, 3.907899856567383, 3.914900064468384, 3.9221999645233154]}