{"test": [48.98, 48.98, 49.0, 49.03, 49.06, 49.12, 49.28, 49.51, 49.89, 50.22, 51.07, 51.81, 52.64, 53.81, 55.18, 56.72, 57.96, 58.94, 59.1, 58.74, 58.35, 57.6, 56.88, 56.06, 55.43, 54.96, 54.6, 54.45, 54.27, 54.09, 53.89, 53.9, 53.81, 53.8, 53.76, 53.76, 53.76, 53.74, 53.73], "val": [49.23322047400916, 49.23322047400916, 49.23322047400916, 49.24317864967138, 49.27305317665804, 49.40250946026688, 49.49213304122685, 49.741087432782315, 50.05974905397331, 50.52778331009759, 51.07548297151962, 52.091216889065926, 53.25632344154551, 54.2620991834296, 55.467038438558056, 56.691894045010955, 58.03624775941048, 58.852818163712406, 59.549890460067715, 59.26110336586338, 58.97231627165903, 57.9964150567616, 57.26946823341964, 56.3433578968333, 55.805616411073494, 55.30770762796256, 55.05875323640709, 54.76000796654053, 54.48117904799841, 54.351722764389564, 54.172475602469625, 54.00318661621191, 53.91356303525194, 53.90360485958972, 53.90360485958972, 53.89364668392751, 53.88368850826529, 53.87373033260307, 53.86377215694085], "flops": [1.000599980354309, 1.0011999607086182, 1.0011000633239746, 1.0023000240325928, 1.0051000118255615, 1.0096999406814575, 1.017799973487854, 1.027500033378601, 1.0457000732421875, 1.0681999921798706, 1.1050000190734863, 1.1470000743865967, 1.2073999643325806, 1.2921000719070435, 1.406599998474121, 1.569700002670288, 1.7665998935699463, 1.99590003490448, 2.2558000087738037, 2.510999917984009, 2.7456002235412598, 2.959199905395508, 3.150400161743164, 3.3036999702453613, 3.4282000064849854, 3.5303001403808594, 3.6108999252319336, 3.674300193786621, 3.7242000102996826, 3.7623000144958496, 3.7997000217437744, 3.8291001319885254, 3.847899913787842, 3.8672001361846924, 3.884500026702881, 3.896699905395508, 3.906799793243408, 3.9177000522613525, 3.925999879837036]}