{"test": [46.71, 46.71, 46.71, 46.73, 46.74, 46.8, 46.9, 47.05, 47.2, 47.49, 47.97, 48.74, 49.65, 50.62, 51.49, 52.71, 53.79, 54.73, 55.33, 55.55, 55.77, 55.58, 55.33, 54.96, 54.69, 54.51, 54.49, 54.34, 54.21, 54.15, 54.1, 54.03, 53.99, 53.98, 53.95, 53.9, 53.87, 53.87, 53.87], "val": [47.52041426010755, 47.52041426010755, 47.52041426010755, 47.51045608444533, 47.5502887870942, 47.600079665405296, 47.65982871937861, 47.769368651663015, 47.8689504082852, 48.08803027285401, 48.58593905596495, 49.28301135232026, 50.05974905397331, 50.806612228639715, 51.73272256522605, 52.51941844254133, 53.276239792869944, 53.90360485958972, 54.51105357498506, 55.02887870942043, 54.99900418243378, 54.87950607448715, 54.46126269667397, 54.30193188607847, 54.023102967536346, 53.87373033260307, 53.7841067516431, 53.73431587333201, 53.73431587333201, 53.654650468034255, 53.515236008763196, 53.47540330611432, 53.42561242780322, 53.39573790081657, 53.39573790081657, 53.3559051981677, 53.32603067118104, 53.316072495518824, 53.32603067118104], "flops": [1.0002999305725098, 1.0002999305725098, 1.0003999471664429, 1.002500057220459, 1.003999948501587, 1.009600043296814, 1.0156999826431274, 1.027500033378601, 1.0414999723434448, 1.063099980354309, 1.0995999574661255, 1.1543000936508179, 1.2261998653411865, 1.3194999694824219, 1.4285000562667847, 1.5884000062942505, 1.7726000547409058, 1.9994999170303345, 2.2499001026153564, 2.504300117492676, 2.749000072479248, 2.9661998748779297, 3.1512999534606934, 3.3033998012542725, 3.424499988555908, 3.5290000438690186, 3.605600118637085, 3.6673998832702637, 3.7189998626708984, 3.7628002166748047, 3.7975001335144043, 3.8299999237060547, 3.848299980163574, 3.8650999069213867, 3.8815999031066895, 3.895400047302246, 3.9064998626708984, 3.916300058364868, 3.9251999855041504]}