{"test": [49.93, 49.94, 49.94, 49.94, 50.08, 50.16, 50.24, 50.39, 50.71, 51.1, 51.73, 52.47, 53.17, 53.93, 55.18, 56.33, 57.54, 58.14, 58.64, 58.29, 57.66, 56.58, 55.53, 54.52, 53.86, 53.45, 53.06, 52.74, 52.45, 52.29, 52.1, 52.08, 52.04, 51.91, 51.88, 51.8, 51.77, 51.73, 51.73], "val": [49.95020912168891, 49.96016729735113, 49.97012547301335, 50.0, 50.05974905397331, 50.13941445927106, 50.32861979685322, 50.52778331009759, 50.71698864767974, 51.09539932284405, 51.553475403306116, 52.230631348336985, 53.17665803624776, 54.13264289982075, 55.20812587134037, 56.0246962756423, 57.26946823341964, 58.46444931288588, 58.43457478589922, 57.936666002788286, 57.33917546305517, 56.303525194184424, 55.28779127663812, 54.47122087233619, 53.823939454291974, 53.16669986058554, 52.68870742879904, 52.380003983270264, 52.17088229436367, 52.03146783509261, 51.872137024497114, 51.78251344353714, 51.702848038239395, 51.712806213901615, 51.6530571599283, 51.63314080860386, 51.563433578968336, 51.563433578968336, 51.543517227643896], "flops": [1.0009000301361084, 1.0011999607086182, 1.0006998777389526, 1.0017999410629272, 1.0046000480651855, 1.0084999799728394, 1.0174999237060547, 1.0296000242233276, 1.0471999645233154, 1.0723999738693237, 1.1087000370025635, 1.158400058746338, 1.222599983215332, 1.3133000135421753, 1.4207000732421875, 1.5831000804901123, 1.7726000547409058, 2.0083999633789062, 2.261699914932251, 2.511899948120117, 2.751800060272217, 2.9581000804901123, 3.138399839401245, 3.2957000732421875, 3.422100067138672, 3.5190000534057617, 3.6080000400543213, 3.6693999767303467, 3.72379994392395, 3.762700080871582, 3.79229998588562, 3.819499969482422, 3.8445000648498535, 3.865000009536743, 3.8803999423980713, 3.8974997997283936, 3.9094998836517334, 3.92080020904541, 3.928100109100342]}