{"test": [44.88, 44.88, 44.89, 44.97, 44.94, 45.06, 45.18, 45.35, 45.7, 46.02, 46.37, 47.05, 47.76, 48.7, 49.69, 50.55, 51.59, 52.39, 52.25, 51.93, 51.3, 50.72, 50.22, 49.69, 49.25, 49.05, 48.81, 48.67, 48.56, 48.42, 48.39, 48.38, 48.34, 48.32, 48.3, 48.3, 48.29, 48.29, 48.28], "val": [43.995220075682134, 43.995220075682134, 43.985261900019914, 44.015136427006574, 44.05496912965545, 44.11471818362876, 44.18442541326429, 44.34375622385979, 44.63254331806413, 44.95120493925513, 45.419239195379404, 45.91714797849034, 46.67396932881896, 47.56024696275642, 48.59589723162716, 49.40250946026688, 50.59749053973312, 51.23481378211512, 51.29456283608843, 51.29456283608843, 50.97590121489743, 50.72694682334196, 50.109539932284406, 49.54192391953794, 49.16351324437363, 48.685520812587136, 48.5062736506672, 48.36685919139614, 48.3469428400717, 48.21748655646286, 48.22744473212507, 48.17765385381398, 48.17765385381398, 48.137821151165106, 48.127862975502886, 48.10794662417845, 48.09798844851623, 48.08803027285401, 48.08803027285401], "flops": [1.0002999305725098, 1.0002999305725098, 1.000499963760376, 1.0033000707626343, 1.0054000616073608, 1.0105000734329224, 1.0170000791549683, 1.0269999504089355, 1.0469999313354492, 1.0733999013900757, 1.108299970626831, 1.1593999862670898, 1.2252999544143677, 1.3170000314712524, 1.4385000467300415, 1.5877999067306519, 1.7782000303268433, 2.005199909210205, 2.2553000450134277, 2.5097999572753906, 2.746500015258789, 2.969600200653076, 3.15310001373291, 3.310699939727783, 3.4291999340057373, 3.5177001953125, 3.601600170135498, 3.671099901199341, 3.7242000102996826, 3.761399984359741, 3.797499895095825, 3.825500011444092, 3.844599962234497, 3.86680006980896, 3.886899948120117, 3.8984999656677246, 3.910400152206421, 3.9205000400543213, 3.9285998344421387]}