{"test": [45.32, 45.33, 45.32, 45.38, 45.4, 45.49, 45.54, 45.68, 45.97, 46.43, 47.16, 48.01, 49.12, 50.0, 51.61, 52.97, 54.31, 55.51, 56.48, 57.17, 57.23, 57.06, 56.63, 56.4, 55.89, 55.6, 55.3, 55.05, 54.94, 54.83, 54.75, 54.68, 54.66, 54.65, 54.61, 54.58, 54.57, 54.54, 54.53], "val": [45.92710615415256, 45.92710615415256, 45.92710615415256, 45.93706432981478, 45.986855208125874, 46.0565624377614, 46.24576777534356, 46.494722166899024, 46.77355108544115, 47.10217088229437, 47.63991236805417, 48.466440948018324, 49.44234216291576, 50.49790878311094, 51.92192790280821, 53.40569607647879, 54.77992431786497, 56.03465445130452, 57.18980282812189, 57.568213503286195, 57.2495518820952, 56.920932085241986, 56.4528978291177, 56.0246962756423, 55.82553276239793, 55.74586735710018, 55.636327424815775, 55.4371639115714, 55.247958573989244, 55.22804222266481, 55.1682931686915, 55.03883688508265, 54.97908783110934, 54.94921330412269, 54.919338777136026, 54.89942242581159, 54.87950607448715, 54.85958972316271, 54.8496315475005], "flops": [1.0011999607086182, 1.0006998777389526, 1.000499963760376, 1.0019999742507935, 1.0033999681472778, 1.0092999935150146, 1.0160000324249268, 1.0276000499725342, 1.0447999238967896, 1.0658999681472778, 1.1094000339508057, 1.1574000120162964, 1.2264999151229858, 1.3181999921798706, 1.444000005722046, 1.60260009765625, 1.7812000513076782, 2.0092999935150146, 2.2553999423980713, 2.5137999057769775, 2.7513999938964844, 2.968400001525879, 3.150899887084961, 3.305299997329712, 3.4208998680114746, 3.5208001136779785, 3.60479998588562, 3.6696999073028564, 3.7214999198913574, 3.7646000385284424, 3.8000998497009277, 3.829900026321411, 3.849900007247925, 3.8689000606536865, 3.8861000537872314, 3.898399829864502, 3.910799980163574, 3.922100067138672, 3.9314000606536865]}