{"test": [25.68, 25.67, 25.7, 25.71, 25.72, 25.78, 25.85, 26.09, 26.38, 26.57, 27.29, 27.76, 28.64, 29.9, 31.79, 33.43, 35.59, 38.14, 40.69, 43.19, 45.23, 46.39, 47.47, 48.17, 48.54, 48.8, 48.97, 49.11, 49.17, 49.21, 49.23, 49.26, 49.29, 49.28, 49.3, 49.3, 49.3, 49.3, 49.3], "val": [25.672176857199762, 25.672176857199762, 25.6920932085242, 25.712009559848635, 25.73192591117307, 25.801633140808605, 25.83150766779526, 26.030671181039633, 26.22983469428401, 26.558454491137223, 27.026488747261503, 27.972515435172276, 28.948416650069706, 30.392352121091417, 31.846245767775343, 33.34993029277037, 35.839474208325036, 38.2194781915953, 40.70902210714997, 43.089026090420234, 45.289782911770565, 46.67396932881896, 47.81915952997411, 48.49631547500498, 49.00418243377813, 49.07388966341366, 49.12368054172476, 49.203345947022505, 49.33280223063135, 49.382593108942444, 49.40250946026688, 49.44234216291576, 49.45230033857797, 49.44234216291576, 49.44234216291576, 49.45230033857797, 49.45230033857797, 49.45230033857797, 49.45230033857797], "flops": [1.0002999305725098, 1.000100016593933, 1.0011999607086182, 1.003100037574768, 1.003999948501587, 1.0085999965667725, 1.0151000022888184, 1.0266999006271362, 1.0435999631881714, 1.0649000406265259, 1.1062999963760376, 1.1488999128341675, 1.2184998989105225, 1.3068000078201294, 1.4306000471115112, 1.5866000652313232, 1.7821998596191406, 2.022200107574463, 2.2699999809265137, 2.5286002159118652, 2.7578001022338867, 2.9608001708984375, 3.1552000045776367, 3.307800054550171, 3.4347000122070312, 3.5327000617980957, 3.6080000400543213, 3.6710000038146973, 3.718400001525879, 3.7602999210357666, 3.795799970626831, 3.822499990463257, 3.851300001144409, 3.8686001300811768, 3.8849000930786133, 3.896599769592285, 3.910099983215332, 3.9182000160217285, 3.9266998767852783]}