{"test": [45.89, 45.88, 45.88, 45.9, 45.94, 46.03, 46.16, 46.41, 46.73, 47.19, 47.77, 48.61, 49.61, 51.67, 53.61, 55.87, 58.12, 59.84, 61.73, 63.14, 63.93, 64.49, 64.48, 64.64, 64.48, 64.4, 64.03, 63.9, 63.84, 63.76, 63.69, 63.7, 63.66, 63.59, 63.57, 63.51, 63.51, 63.48, 63.48], "val": [45.427375971309026, 45.427375971309026, 45.427375971309026, 45.4572624028691, 45.507073122135886, 45.62661884837617, 45.84578601315003, 46.0151424586571, 46.44351464435147, 46.89181111775254, 47.61904761904762, 48.635186292090054, 49.85056784219964, 51.21538155010958, 53.14803745766089, 55.678421996413626, 57.86013150029886, 59.91233313409045, 61.984459055588765, 63.28949990037856, 64.17613070332736, 64.41522215580792, 64.25582785415422, 64.28571428571429, 64.24586571030086, 64.32556286112772, 64.22594142259415, 64.17613070332736, 64.0964335525005, 63.90715281928671, 63.85734210001993, 63.787607093046425, 63.707909942219565, 63.72783422992628, 63.69794779836621, 63.67802351065949, 63.65809922295278, 63.63817493524606, 63.628212791392706], "flops": [1.000599980354309, 1.000499963760376, 1.000499963760376, 1.001099944114685, 1.0025999546051025, 1.0063999891281128, 1.0134999752044678, 1.0256000757217407, 1.0417999029159546, 1.0674999952316284, 1.0994000434875488, 1.1425000429153442, 1.2111001014709473, 1.3020000457763672, 1.4198999404907227, 1.566999912261963, 1.752500057220459, 1.9808999300003052, 2.2272000312805176, 2.485100030899048, 2.7323999404907227, 2.965099811553955, 3.158599853515625, 3.3101000785827637, 3.4402999877929688, 3.5335001945495605, 3.6011998653411865, 3.6648001670837402, 3.7135000228881836, 3.7553000450134277, 3.7939000129699707, 3.821199893951416, 3.844099998474121, 3.8630001544952393, 3.8803000450134277, 3.8933000564575195, 3.9029998779296875, 3.9138998985290527, 3.9215002059936523]}