{"test": [36.28, 36.28, 36.27, 36.3, 36.44, 36.52, 36.69, 36.89, 37.34, 38.07, 38.96, 39.87, 41.36, 43.4, 45.71, 48.19, 51.4, 53.98, 56.14, 58.11, 59.8, 60.61, 61.16, 61.14, 61.38, 61.25, 61.18, 61.05, 60.98, 60.94, 60.81, 60.77, 60.69, 60.62, 60.51, 60.52, 60.5, 60.47, 60.45], "val": [36.461446503287505, 36.461446503287505, 36.47140864714086, 36.48137079099422, 36.52121936640765, 36.6507272365013, 36.8599322574218, 37.19864514843594, 37.71667662881052, 38.31440526001195, 39.201036062960746, 40.37656903765691, 41.67164773859334, 43.81350866706515, 45.97529388324367, 48.754732018330344, 51.73341303048416, 54.71209404263798, 57.05319784817693, 59.34449093444909, 60.72922893006575, 61.35684399282726, 61.58597330145447, 61.63578402072126, 61.536162582187686, 61.22733612273361, 61.177525403466824, 61.10779039649333, 61.09782825263997, 61.008168957959754, 61.05797967722654, 61.0679418210799, 60.97828252639968, 60.968320382546324, 60.958358238692966, 60.958358238692966, 60.93843395098625, 60.90854751942618, 60.90854751942618], "flops": [1.0, 1.0002000331878662, 1.0006998777389526, 1.0018000602722168, 1.0049999952316284, 1.010200023651123, 1.0175999402999878, 1.0266999006271362, 1.041599988937378, 1.0654999017715454, 1.1004000902175903, 1.1424000263214111, 1.2067999839782715, 1.2959001064300537, 1.4153000116348267, 1.5678000450134277, 1.7680000066757202, 1.9909000396728516, 2.236999988555908, 2.496500015258789, 2.7388999462127686, 2.9600000381469727, 3.147700071334839, 3.302000045776367, 3.422999858856201, 3.5188000202178955, 3.5969998836517334, 3.663800001144409, 3.712900161743164, 3.752500057220459, 3.7899999618530273, 3.819000005722046, 3.838899850845337, 3.859799861907959, 3.878499984741211, 3.8945999145507812, 3.9072000980377197, 3.9172000885009766, 3.9249000549316406]}