{"test": [49.47, 49.46, 49.48, 49.51, 49.54, 49.58, 49.67, 49.8, 50.01, 50.48, 51.06, 51.62, 52.48, 53.35, 54.52, 56.22, 57.99, 59.63, 60.69, 61.74, 62.53, 62.93, 62.9, 62.9, 63.01, 63.02, 63.06, 63.04, 62.98, 63.02, 62.94, 62.95, 62.92, 62.91, 62.89, 62.91, 62.9, 62.92, 62.88], "val": [48.635186292090054, 48.635186292090054, 48.635186292090054, 48.65511057979677, 48.70492129906356, 48.77465630603706, 48.88423988842399, 49.06355847778442, 49.50189280733214, 49.7907949790795, 50.388523610280934, 51.18549511854951, 52.10201235305838, 53.35724247858139, 54.66228332337119, 55.967324168160985, 57.65092647937836, 59.0157401872883, 60.34070531978482, 61.496314006774256, 62.10400478182905, 62.38294480972305, 62.402869097429765, 62.402869097429765, 62.42279338513648, 62.43275552898984, 62.50249053596334, 62.53237696752341, 62.54233911137677, 62.50249053596334, 62.47260410440327, 62.47260410440327, 62.46264196054991, 62.442717672843195, 62.45267981669655, 62.46264196054991, 62.482566248256624, 62.46264196054991, 62.46264196054991], "flops": [1.0009000301361084, 1.000499963760376, 1.0015000104904175, 1.0025999546051025, 1.005199909210205, 1.0094000101089478, 1.0145000219345093, 1.0250998735427856, 1.0413999557495117, 1.067699909210205, 1.1014000177383423, 1.1467000246047974, 1.2122000455856323, 1.2878999710083008, 1.4009000062942505, 1.5602000951766968, 1.7547999620437622, 1.9814000129699707, 2.2328999042510986, 2.4888999462127686, 2.7315001487731934, 2.9485998153686523, 3.137199878692627, 3.2984001636505127, 3.4232001304626465, 3.516700029373169, 3.595700263977051, 3.6591999530792236, 3.7100000381469727, 3.753499984741211, 3.788800001144409, 3.819200038909912, 3.841399908065796, 3.86329984664917, 3.8770999908447266, 3.8888001441955566, 3.898900032043457, 3.9085001945495605, 3.9179999828338623]}