{"test": [45.72, 45.72, 45.73, 45.77, 45.85, 45.94, 46.04, 46.31, 46.58, 47.0, 47.84, 48.93, 50.06, 51.49, 53.15, 54.83, 56.7, 58.86, 60.36, 61.46, 62.07, 62.66, 62.7, 62.49, 62.17, 62.23, 62.18, 62.14, 62.04, 61.95, 61.8, 61.75, 61.69, 61.64, 61.6, 61.58, 61.56, 61.54, 61.52], "val": [45.018928073321376, 45.018928073321376, 45.028890217174734, 45.058776648734806, 45.108587368001594, 45.20820880653517, 45.44730025901574, 45.76608886232317, 46.11476389719068, 46.662681809125324, 47.44969117354054, 48.39609483960948, 49.481968519625426, 51.135684399282724, 52.90894600518031, 55.23012552301255, 57.2922893006575, 59.47399880454274, 61.02809324566647, 61.92468619246862, 62.363020522016335, 62.841203426977486, 62.87108985853756, 62.641960549910344, 62.522414823670054, 62.43275552898984, 62.34309623430963, 62.233512651922695, 62.193664076509265, 62.17373978880255, 62.14385335724248, 62.09404263797569, 62.05419406256226, 62.01434548714884, 62.00438334329548, 61.99442119944212, 61.97449691173541, 62.00438334329548, 62.024307631002195], "flops": [1.000599980354309, 1.000999927520752, 1.0018000602722168, 1.0038999319076538, 1.0064998865127563, 1.009299874305725, 1.01419997215271, 1.024899959564209, 1.042099952697754, 1.0637999773025513, 1.097100019454956, 1.141800045967102, 1.215499997138977, 1.3045998811721802, 1.4184999465942383, 1.5666999816894531, 1.7595999240875244, 1.9824000597000122, 2.231100082397461, 2.4839999675750732, 2.7386999130249023, 2.950500011444092, 3.1433000564575195, 3.298099994659424, 3.4299001693725586, 3.5192999839782715, 3.600900173187256, 3.6658999919891357, 3.7167000770568848, 3.7576000690460205, 3.7908997535705566, 3.8193001747131348, 3.842599868774414, 3.861799955368042, 3.878700017929077, 3.892899990081787, 3.902899980545044, 3.9140000343322754, 3.922800064086914]}