{"test": [41.63, 41.63, 41.65, 41.65, 41.66, 41.72, 41.85, 42.1, 42.45, 42.96, 43.74, 44.74, 45.96, 47.46, 49.23, 51.01, 53.13, 55.45, 57.58, 59.94, 61.4, 62.1, 62.66, 62.75, 63.02, 63.15, 63.21, 63.15, 63.19, 63.22, 63.21, 63.19, 63.18, 63.16, 63.13, 63.12, 63.12, 63.12, 63.11], "val": [41.17354054592548, 41.18350268977884, 41.18350268977884, 41.18350268977884, 41.25323769675234, 41.31301055987248, 41.52221558079299, 41.71149631400677, 42.189679218967925, 42.67782426778243, 43.36521219366408, 44.34150229129309, 45.77605100617653, 47.24048615262004, 49.38234708109185, 51.574018728830445, 54.21398684997011, 56.28611277146842, 58.30842797369994, 59.67324168160988, 60.60968320382546, 61.51623829448097, 61.984459055588765, 62.313209802749554, 62.731619844590554, 62.95078700936442, 62.920900577804346, 63.0005977286312, 62.980673440924484, 62.95078700936442, 62.97071129707113, 62.97071129707113, 62.97071129707113, 63.010559872484556, 63.04044630404463, 63.010559872484556, 63.010559872484556, 63.04044630404463, 63.050408447897986], "flops": [1.0011999607086182, 1.000999927520752, 1.0023999214172363, 1.0022000074386597, 1.0046000480651855, 1.0094000101089478, 1.0162999629974365, 1.027500033378601, 1.0416001081466675, 1.0678000450134277, 1.1015000343322754, 1.1517000198364258, 1.212899923324585, 1.2999999523162842, 1.4180999994277954, 1.5721999406814575, 1.7686001062393188, 2.0018999576568604, 2.2432000637054443, 2.4839999675750732, 2.7274999618530273, 2.9475998878479004, 3.1382999420166016, 3.292799949645996, 3.411099910736084, 3.5166001319885254, 3.5920000076293945, 3.661400079727173, 3.7197999954223633, 3.759999990463257, 3.7939000129699707, 3.822000026702881, 3.8430001735687256, 3.8632001876831055, 3.8808999061584473, 3.893699884414673, 3.9054999351501465, 3.9165000915527344, 3.9231998920440674]}