{"test": [40.06, 40.07, 40.07, 40.09, 40.12, 40.17, 40.27, 40.5, 40.78, 41.3, 41.91, 42.95, 44.1, 45.7, 47.52, 49.65, 52.06, 54.21, 56.42, 58.33, 59.94, 60.71, 61.04, 61.36, 61.5, 61.77, 61.75, 61.77, 61.76, 61.71, 61.64, 61.59, 61.58, 61.58, 61.57, 61.57, 61.58, 61.58, 61.57], "val": [40.017931858936045, 40.017931858936045, 40.0278940027894, 40.03785614664276, 40.08766686590955, 40.17732616058976, 40.28690974297669, 40.635584777844194, 41.093843395098624, 41.63179916317991, 42.34907352062164, 43.295477186690576, 44.7101016138673, 46.18449890416418, 48.18688981868898, 50.21916716477386, 52.6798166965531, 54.79179119346483, 57.362024307631, 59.42418808527595, 60.80892608089261, 61.287108985853756, 61.56604901374776, 61.84498904164176, 61.92468619246862, 61.99442119944212, 61.92468619246862, 61.93464833632198, 61.97449691173541, 62.0442319187089, 62.05419406256226, 62.024307631002195, 62.024307631002195, 61.944610480175335, 61.89479976090855, 61.85495118549512, 61.85495118549512, 61.84498904164176, 61.85495118549512], "flops": [1.0, 1.0002999305725098, 1.000499963760376, 1.0013999938964844, 1.0029000043869019, 1.0066999197006226, 1.0102999210357666, 1.0208998918533325, 1.039099931716919, 1.062999963760376, 1.0950000286102295, 1.1407999992370605, 1.2028999328613281, 1.297200083732605, 1.4239999055862427, 1.5721001625061035, 1.7625999450683594, 1.9943000078201294, 2.2421998977661133, 2.4941999912261963, 2.7460999488830566, 2.963200092315674, 3.13919997215271, 3.291800022125244, 3.410399913787842, 3.518199920654297, 3.599100112915039, 3.661400079727173, 3.7162997722625732, 3.760700225830078, 3.7959001064300537, 3.825399875640869, 3.8518998622894287, 3.8730998039245605, 3.8864002227783203, 3.898699998855591, 3.910099983215332, 3.9207000732421875, 3.9285998344421387]}