{"test": [15.62, 15.63, 15.64, 15.67, 15.71, 15.9, 16.09, 16.37, 16.78, 17.36, 18.13, 19.29, 20.82, 22.91, 25.58, 29.25, 33.46, 37.83, 42.61, 47.15, 51.16, 54.19, 56.66, 58.04, 59.29, 60.03, 60.73, 60.86, 61.05, 61.28, 61.37, 61.41, 61.46, 61.52, 61.53, 61.54, 61.49, 61.51, 61.54], "val": [15.222155807929866, 15.212193664076509, 15.222155807929866, 15.262004383343296, 15.321777246463439, 15.43136082885037, 15.650527993624229, 16.00916517234509, 16.537158796573024, 17.08507670850767, 17.961745367603108, 19.296672643952977, 20.99023709902371, 23.022514445108587, 25.841801155608685, 29.209005778043434, 33.31340904562662, 37.96573022514445, 42.807332137876074, 47.78840406455469, 51.454473002590156, 54.64235903566448, 56.67463638174935, 57.95975293883244, 58.85634588563459, 59.812711695556885, 60.28093245666467, 60.68938035465232, 60.89858537557282, 61.10779039649333, 61.207411835026896, 61.22733612273361, 61.23729826658697, 61.29707112970711, 61.3468818489739, 61.287108985853756, 61.31699541741383, 61.35684399282726, 61.366806136680616], "flops": [1.0015000104904175, 1.0018000602722168, 1.000999927520752, 1.0025999546051025, 1.0049000978469849, 1.0100998878479004, 1.0163999795913696, 1.0246000289916992, 1.0399999618530273, 1.0651999711990356, 1.095500111579895, 1.1431001424789429, 1.2067999839782715, 1.295699954032898, 1.4151999950408936, 1.5782999992370605, 1.7728999853134155, 1.9928998947143555, 2.2372000217437744, 2.4851999282836914, 2.725100040435791, 2.946899890899658, 3.143199920654297, 3.296599864959717, 3.4235000610351562, 3.523599863052368, 3.608299732208252, 3.670300006866455, 3.7228000164031982, 3.762700080871582, 3.796600103378296, 3.824699878692627, 3.847100019454956, 3.866299867630005, 3.882200002670288, 3.894700050354004, 3.907599925994873, 3.9189999103546143, 3.930000066757202]}