{"test": [42.48, 42.48, 42.49, 42.47, 42.57, 42.75, 42.92, 43.19, 43.78, 44.19, 44.89, 46.0, 47.4, 49.46, 52.03, 54.32, 57.27, 60.15, 62.84, 64.29, 65.62, 66.25, 66.52, 66.54, 66.56, 66.69, 66.69, 66.8, 66.79, 66.82, 66.87, 66.83, 66.81, 66.8, 66.81, 66.81, 66.8, 66.8, 66.79], "val": [42.49701076125947, 42.49701076125947, 42.516939019529694, 42.516939019529694, 42.56675966520526, 42.68632921482662, 42.855719410123555, 43.224392188122756, 43.76245516141889, 44.51972897568753, 45.43642885611798, 46.402949382223994, 48.355918692706254, 50.18931845356716, 52.371462734157035, 54.73296133917896, 57.65245117576724, 60.10362694300518, 62.15623754483858, 64.28856117975289, 65.18533280191312, 65.85292945396573, 66.14188919888402, 66.31127939418094, 66.56038262255879, 66.66002391390992, 66.70984455958549, 66.59027500996413, 66.53049023515345, 66.55041849342368, 66.51056197688322, 66.48066958947788, 66.46074133120766, 66.45077720207254, 66.46074133120766, 66.46074133120766, 66.46074133120766, 66.46074133120766, 66.47070546034277], "flops": [1.0002999305725098, 1.0002999305725098, 1.0003999471664429, 1.0008000135421753, 1.0046000480651855, 1.009700059890747, 1.016200065612793, 1.0255999565124512, 1.0443999767303467, 1.065100073814392, 1.097000002861023, 1.1478999853134155, 1.2137999534606934, 1.308000087738037, 1.4230998754501343, 1.5820999145507812, 1.776400089263916, 2.001800060272217, 2.2533998489379883, 2.5125999450683594, 2.755000114440918, 2.9670000076293945, 3.1460001468658447, 3.302000045776367, 3.422300100326538, 3.526099920272827, 3.6115000247955322, 3.670100212097168, 3.721799850463867, 3.7664999961853027, 3.796599864959717, 3.821199893951416, 3.8441998958587646, 3.8633999824523926, 3.8805999755859375, 3.8941001892089844, 3.908100128173828, 3.918299913406372, 3.92549991607666]}