{"test": [45.29, 45.29, 45.3, 45.31, 45.36, 45.43, 45.68, 45.9, 46.33, 47.08, 47.8, 48.98, 50.48, 52.35, 55.01, 57.48, 59.9, 62.81, 64.66, 66.5, 67.79, 68.53, 69.19, 69.36, 69.53, 69.66, 69.66, 69.67, 69.7, 69.72, 69.68, 69.61, 69.58, 69.58, 69.55, 69.57, 69.57, 69.58, 69.56], "val": [45.33678756476684, 45.33678756476684, 45.356715823037064, 45.396572339577524, 45.47628537265843, 45.64567556795536, 45.81506576325229, 46.044240733359906, 46.45277002789956, 47.09047429254683, 47.967317656436826, 49.16301315265046, 50.627740135512155, 52.51096054204862, 54.972100438421684, 57.61259465922679, 60.263053009166995, 63.00318852132324, 65.28497409326425, 66.92905540055798, 67.95536070147469, 68.49342367477082, 68.86209645277003, 69.30051813471502, 69.43005181347151, 69.51972897568753, 69.53965723395775, 69.47987245914707, 69.53965723395775, 69.4998007174173, 69.4200876843364, 69.41012355520128, 69.38023116779594, 69.38023116779594, 69.39019529693105, 69.37026703866083, 69.38023116779594, 69.37026703866083, 69.38023116779594], "flops": [1.000599980354309, 1.000599980354309, 1.0008000135421753, 1.0019999742507935, 1.0062999725341797, 1.0092999935150146, 1.0182000398635864, 1.0269999504089355, 1.0436999797821045, 1.069000005722046, 1.1001999378204346, 1.1465001106262207, 1.2174999713897705, 1.3152999877929688, 1.4414000511169434, 1.6002000570297241, 1.7839999198913574, 2.002000093460083, 2.2425999641418457, 2.5090999603271484, 2.753200054168701, 2.967100143432617, 3.15939998626709, 3.3046000003814697, 3.424499988555908, 3.5244998931884766, 3.599799871444702, 3.664299964904785, 3.717100143432617, 3.7567999362945557, 3.794299840927124, 3.821199893951416, 3.8439998626708984, 3.8645999431610107, 3.879300117492676, 3.8889999389648438, 3.9010000228881836, 3.9125001430511475, 3.9205000400543213]}