{"test": [45.29, 45.29, 45.3, 45.31, 45.36, 45.43, 45.68, 45.9, 46.33, 47.08, 47.78, 48.97, 50.47, 52.35, 55.0, 57.45, 59.86, 62.8, 64.67, 66.5, 67.79, 68.52, 69.17, 69.35, 69.52, 69.66, 69.65, 69.66, 69.69, 69.71, 69.67, 69.6, 69.57, 69.57, 69.54, 69.56, 69.56, 69.57, 69.56], "val": [45.33678756476684, 45.33678756476684, 45.356715823037064, 45.396572339577524, 45.47628537265843, 45.64567556795536, 45.81506576325229, 46.044240733359906, 46.45277002789956, 47.09047429254683, 47.967317656436826, 49.17297728178557, 50.61777600637704, 52.50099641291351, 54.96213630928657, 57.60263053009167, 60.263053009166995, 63.00318852132324, 65.29493822239937, 66.91909127142287, 67.97528895974492, 68.50338780390594, 68.87206058190515, 69.30051813471502, 69.44001594260662, 69.52969310482264, 69.54962136309287, 69.48983658828219, 69.54962136309287, 69.50976484655241, 69.4200876843364, 69.4200876843364, 69.39019529693105, 69.39019529693105, 69.40015942606617, 69.38023116779594, 69.39019529693105, 69.38023116779594, 69.39019529693105], "flops": [1.000599980354309, 1.000599980354309, 1.0008000135421753, 1.0019999742507935, 1.0062999725341797, 1.0091999769210815, 1.018399953842163, 1.0269999504089355, 1.0435000658035278, 1.069000005722046, 1.1000999212265015, 1.1464000940322876, 1.2170000076293945, 1.3158000707626343, 1.4414000511169434, 1.6002999544143677, 1.7839999198913574, 2.0023000240325928, 2.242500066757202, 2.509399890899658, 2.753200054168701, 2.9672999382019043, 3.159299850463867, 3.3046000003814697, 3.4244000911712646, 3.524600028991699, 3.599900007247925, 3.6642000675201416, 3.7170000076293945, 3.756500005722046, 3.7943999767303467, 3.821199893951416, 3.8439998626708984, 3.864499807357788, 3.879300117492676, 3.889200210571289, 3.9010000228881836, 3.9124999046325684, 3.9205000400543213]}