{"test": [49.1, 49.14, 49.12, 49.15, 49.16, 49.28, 49.4, 49.72, 50.02, 50.48, 50.96, 51.85, 52.78, 54.22, 56.08, 57.99, 60.36, 62.68, 64.64, 65.84, 67.11, 67.83, 68.1, 68.51, 68.56, 68.62, 68.59, 68.64, 68.64, 68.69, 68.68, 68.68, 68.7, 68.7, 68.69, 68.7, 68.7, 68.75, 68.72], "val": [48.80430450378637, 48.81426863292148, 48.81426863292148, 48.86408927859705, 48.913909924272616, 48.98365882821842, 49.153049023515344, 49.402152251893185, 49.60143483459546, 50.14946193702671, 50.787166201673976, 51.634117178158625, 52.590673575129536, 54.27461139896373, 56.167795934635315, 57.96133917895576, 59.84455958549223, 61.77760063770427, 63.46153846153846, 64.94619370267039, 66.1319250697489, 66.8692706257473, 67.26783579115185, 67.56675966520527, 67.7361498605022, 67.74611398963731, 67.87564766839378, 67.9653248306098, 67.87564766839378, 67.85571941012356, 67.90554005579912, 67.86568353925867, 67.87564766839378, 67.91550418493424, 67.90554005579912, 67.90554005579912, 67.91550418493424, 67.89557592666401, 67.89557592666401], "flops": [1.0015000104904175, 1.0032999515533447, 1.0025999546051025, 1.0038000345230103, 1.0047999620437622, 1.0094000101089478, 1.0151000022888184, 1.0276999473571777, 1.0422999858856201, 1.0662000179290771, 1.0980000495910645, 1.1445999145507812, 1.2088000774383545, 1.3001999855041504, 1.4326000213623047, 1.5859999656677246, 1.780400037765503, 2.007699966430664, 2.2530999183654785, 2.5048000812530518, 2.7491002082824707, 2.964400053024292, 3.1547999382019043, 3.305299997329712, 3.4268999099731445, 3.526399850845337, 3.599599838256836, 3.6686999797821045, 3.7197000980377197, 3.759199857711792, 3.7913999557495117, 3.8192999362945557, 3.842100143432617, 3.858599901199341, 3.8796000480651855, 3.892699956893921, 3.9064998626708984, 3.9179999828338623, 3.927799940109253]}