{"test": [35.69, 35.69, 35.76, 35.76, 35.82, 35.94, 36.1, 36.23, 36.7, 37.38, 38.21, 39.21, 40.76, 42.99, 45.55, 48.54, 51.81, 55.1, 58.97, 62.41, 64.95, 66.8, 67.88, 68.6, 68.94, 69.22, 69.49, 69.61, 69.66, 69.66, 69.64, 69.62, 69.61, 69.62, 69.65, 69.65, 69.68, 69.69, 69.7], "val": [35.940613790354725, 35.95057791948984, 35.95057791948984, 35.98047030689518, 36.01036269430052, 36.10003985651654, 36.189717018732566, 36.45874850538063, 36.92706257473097, 37.49501793543244, 38.18254284575528, 39.59744918294141, 40.92267835791152, 42.86568353925867, 45.296931048226384, 48.47548824232762, 51.93304105221203, 55.619768832204066, 59.475886807493026, 62.56476683937824, 64.93622957353527, 66.61020326823436, 67.34754882423276, 68.3240334794739, 68.85213232363492, 69.16102032682343, 69.26066161817457, 69.36030290952571, 69.48983658828219, 69.44998007174173, 69.48983658828219, 69.5695496213631, 69.649262654444, 69.70904742925468, 69.70904742925468, 69.70904742925468, 69.70904742925468, 69.70904742925468, 69.7190115583898], "flops": [1.000599980354309, 1.000999927520752, 1.0026999711990356, 1.0026999711990356, 1.0049999952316284, 1.0089000463485718, 1.014799952507019, 1.0239999294281006, 1.0425000190734863, 1.069100022315979, 1.1018999814987183, 1.1477000713348389, 1.21589994430542, 1.3051998615264893, 1.4358000755310059, 1.5850000381469727, 1.7711000442504883, 2.000200033187866, 2.2463998794555664, 2.508200168609619, 2.753200054168701, 2.9773998260498047, 3.1570000648498535, 3.3084001541137695, 3.427000045776367, 3.52020001411438, 3.6022000312805176, 3.667099952697754, 3.715400218963623, 3.760200023651123, 3.7954001426696777, 3.8238000869750977, 3.8457999229431152, 3.865499973297119, 3.8838000297546387, 3.8982999324798584, 3.90910005569458, 3.9193999767303467, 3.9273998737335205]}