{"test": [43.15, 43.16, 43.16, 43.17, 43.25, 43.37, 43.46, 43.73, 44.2, 44.86, 45.49, 46.56, 48.03, 49.99, 52.3, 54.78, 57.62, 60.47, 63.08, 65.09, 66.2, 67.61, 68.39, 68.67, 68.89, 69.07, 69.18, 69.15, 69.18, 69.29, 69.21, 69.22, 69.22, 69.2, 69.18, 69.17, 69.16, 69.16, 69.12], "val": [43.70267038660821, 43.70267038660821, 43.72259864487844, 43.742526903148665, 43.772419290554005, 43.862096452770025, 44.051414906337186, 44.37026703866082, 44.778796333200475, 45.43642885611798, 46.05420486249502, 47.08051016341172, 48.68473495416501, 50.54802710243125, 52.73017138302112, 55.57991231566361, 58.04105221203667, 60.58190514149064, 63.082901554404145, 64.81666002391391, 66.2813870067756, 67.41729772817855, 67.79593463531288, 68.33399760860901, 68.46353128736548, 68.58310083698684, 68.72259864487843, 68.77241929055401, 68.73256277401354, 68.80231167795935, 68.8421681944998, 68.83220406536469, 68.8421681944998, 68.83220406536469, 68.85213232363492, 68.85213232363492, 68.87206058190515, 68.86209645277003, 68.8421681944998], "flops": [1.0015000104904175, 1.0018000602722168, 1.0019999742507935, 1.0025999546051025, 1.0052000284194946, 1.0094000101089478, 1.0149999856948853, 1.0266000032424927, 1.0415000915527344, 1.0678999423980713, 1.0979000329971313, 1.1501001119613647, 1.2164000272750854, 1.3121000528335571, 1.4352998733520508, 1.5914000272750854, 1.788599967956543, 2.005000114440918, 2.247799873352051, 2.4980998039245605, 2.7539000511169434, 2.9800000190734863, 3.1613001823425293, 3.304499864578247, 3.421999931335449, 3.5142998695373535, 3.597100019454956, 3.6648001670837402, 3.712900161743164, 3.754699945449829, 3.792099952697754, 3.822200059890747, 3.841599941253662, 3.8589999675750732, 3.8801000118255615, 3.8917999267578125, 3.9049999713897705, 3.9156999588012695, 3.925600051879883]}