{"test": [41.97, 41.98, 41.97, 41.95, 41.99, 42.09, 42.25, 42.46, 43.0, 43.55, 44.36, 45.3, 46.77, 48.83, 50.82, 53.19, 56.01, 58.64, 61.14, 63.29, 65.23, 66.22, 67.09, 67.32, 67.53, 67.64, 67.86, 67.94, 68.0, 68.0, 67.94, 67.95, 67.93, 67.93, 67.94, 67.95, 67.92, 67.95, 67.94], "val": [42.11837385412515, 42.11837385412515, 42.11837385412515, 42.16819449980072, 42.218015145476286, 42.31765643682742, 42.546831406935034, 42.83579115185333, 43.30410522120367, 43.81227580709446, 44.78876046233559, 45.735352730171385, 47.289756875249104, 49.33240334794739, 51.86329214826624, 54.34436030290953, 56.835392586687924, 59.59545635711439, 61.84734954165006, 63.82024711040255, 65.37465125548027, 66.32124352331606, 67.2279792746114, 67.7361498605022, 68.0350737345556, 68.31406935033878, 68.46353128736548, 68.42367477082503, 68.53328019131128, 68.5532084495815, 68.44360302909526, 68.43363889996014, 68.4734954165006, 68.46353128736548, 68.45356715823037, 68.46353128736548, 68.44360302909526, 68.43363889996014, 68.43363889996014], "flops": [1.0011999607086182, 1.0015000104904175, 1.0013999938964844, 1.0016000270843506, 1.0047000646591187, 1.0087000131607056, 1.0153000354766846, 1.0250999927520752, 1.0428999662399292, 1.0680999755859375, 1.1038000583648682, 1.1500999927520752, 1.2170000076293945, 1.3091000318527222, 1.4354000091552734, 1.5915000438690186, 1.7930001020431519, 2.0176000595092773, 2.2564001083374023, 2.512700080871582, 2.7562999725341797, 2.958400011062622, 3.1503000259399414, 3.2961997985839844, 3.421999931335449, 3.5220000743865967, 3.597899913787842, 3.6689999103546143, 3.7242000102996826, 3.766900062561035, 3.796300172805786, 3.82450008392334, 3.8444998264312744, 3.863999843597412, 3.8829002380371094, 3.8966000080108643, 3.908400058746338, 3.9172000885009766, 3.9283998012542725]}