{"test": [15.67, 15.67, 15.71, 15.77, 15.89, 16.02, 16.24, 16.61, 17.1, 17.86, 18.72, 19.98, 22.3, 24.88, 28.1, 32.0, 36.81, 42.24, 47.61, 52.74, 57.07, 60.28, 62.64, 64.35, 65.56, 66.25, 66.9, 67.25, 67.39, 67.54, 67.71, 67.73, 67.76, 67.79, 67.81, 67.83, 67.81, 67.85, 67.86], "val": [15.633718612993224, 15.633718612993224, 15.643682742128338, 15.693503387803906, 15.803108808290155, 15.972499003587087, 16.17178158628936, 16.550418493423674, 17.237943403746513, 18.0350737345556, 18.901952969310482, 20.33678756476684, 22.020725388601036, 24.591470705460342, 27.63053009166999, 31.85532084495815, 36.767636508569154, 42.03866082104424, 47.49900358708649, 52.44121163810283, 56.93503387803906, 60.07373455559984, 62.49501793543244, 64.20884814667198, 65.26504583499403, 66.15185332801913, 66.74970107612594, 67.0087684336389, 67.3076923076923, 67.42726185731367, 67.49701076125946, 67.61658031088083, 67.65643682742129, 67.69629334396174, 67.71622160223197, 67.71622160223197, 67.7361498605022, 67.74611398963731, 67.74611398963731], "flops": [1.0015000104904175, 1.0010000467300415, 1.0024000406265259, 1.0037000179290771, 1.0062999725341797, 1.0127999782562256, 1.0202000141143799, 1.0307998657226562, 1.0451000928878784, 1.070099949836731, 1.1028000116348267, 1.148300051689148, 1.2258000373840332, 1.3154000043869019, 1.4346998929977417, 1.5896999835968018, 1.788699984550476, 2.012199878692627, 2.2571001052856445, 2.5114998817443848, 2.747799873352051, 2.958699941635132, 3.1459999084472656, 3.2956998348236084, 3.4179000854492188, 3.5260000228881836, 3.6076998710632324, 3.6689999103546143, 3.716899871826172, 3.7568001747131348, 3.7934000492095947, 3.8173999786376953, 3.8492000102996826, 3.8678998947143555, 3.881199836730957, 3.893899917602539, 3.905600070953369, 3.915799856185913, 3.923299789428711]}