{"test": [37.45, 37.46, 37.48, 37.5, 37.65, 37.83, 37.99, 38.23, 38.61, 39.24, 40.2, 41.2, 42.79, 44.85, 47.01, 50.62, 53.98, 57.23, 59.82, 62.67, 64.44, 65.49, 66.1, 66.4, 66.65, 66.59, 66.73, 66.76, 66.8, 66.77, 66.83, 66.77, 66.73, 66.69, 66.61, 66.58, 66.56, 66.56, 66.55], "val": [37.940649273053175, 37.950607448715395, 37.960565624377615, 37.98048197570205, 38.05018920533758, 38.14977096195977, 38.338976299541926, 38.647679745070704, 39.04600677155945, 39.63353913563035, 40.56960764787891, 41.744672376020716, 43.5471021708823, 45.36944831706831, 47.56024696275642, 50.51782513443537, 53.3559051981677, 56.80143397729536, 59.569806811392155, 61.99960167297351, 63.61282613025294, 64.9273053176658, 65.93308105954989, 66.57040430193189, 66.83927504481179, 66.79944234216292, 66.71977693686516, 66.68990240987851, 66.6301533559052, 66.55048795060745, 66.51065524795857, 66.54052977494523, 66.50069707229636, 66.48078072097192, 66.43098984266082, 66.39115714001196, 66.38119896434974, 66.37124078868752, 66.35132443736308], "flops": [1.0, 1.000100016593933, 1.000599980354309, 1.0013999938964844, 1.0048999786376953, 1.0109000205993652, 1.018899917602539, 1.0272998809814453, 1.0450999736785889, 1.070099949836731, 1.1065000295639038, 1.1533000469207764, 1.21589994430542, 1.3118000030517578, 1.4206000566482544, 1.5824000835418701, 1.7775999307632446, 2.005000114440918, 2.248300075531006, 2.5085997581481934, 2.757200002670288, 2.967600107192993, 3.15310001373291, 3.302799940109253, 3.4312000274658203, 3.5297999382019043, 3.6059999465942383, 3.671599864959717, 3.723299980163574, 3.7625999450683594, 3.7967000007629395, 3.823699951171875, 3.8484997749328613, 3.8667001724243164, 3.8828999996185303, 3.8980000019073486, 3.911600112915039, 3.9212000370025635, 3.9293999671936035]}