{"test": [39.61, 39.6, 39.59, 39.65, 39.67, 39.8, 40.05, 40.41, 40.83, 41.47, 42.37, 43.65, 45.27, 47.37, 49.68, 52.92, 56.32, 59.99, 63.01, 65.77, 67.46, 69.08, 69.65, 70.14, 70.25, 70.39, 70.3, 70.43, 70.42, 70.4, 70.32, 70.31, 70.28, 70.29, 70.25, 70.21, 70.16, 70.19, 70.19], "val": [38.836885082652856, 38.836885082652856, 38.856801433977296, 38.91655048795061, 38.986257717586135, 39.08583947420833, 39.2850029874527, 39.61362278430592, 39.932284405496915, 40.589523999203344, 41.525592511451904, 42.770364469229236, 44.383588926508665, 46.703843855805616, 49.12368054172476, 52.34017128062139, 55.785700059749054, 59.60963951404103, 62.72654849631547, 65.6144194383589, 67.805218084047, 69.45827524397531, 70.18522206731727, 70.38438558056164, 70.67317267476598, 70.71300537741486, 70.65325632344154, 70.6831308504282, 70.71300537741486, 70.67317267476598, 70.63333997211711, 70.58354909380601, 70.52380003983271, 70.52380003983271, 70.53375821549493, 70.54371639115713, 70.56363274248157, 70.52380003983271, 70.53375821549493], "flops": [1.0020999908447266, 1.0018999576568604, 1.0018999576568604, 1.0029999017715454, 1.0044000148773193, 1.0095000267028809, 1.0176998376846313, 1.0289000272750854, 1.0471999645233154, 1.0720999240875244, 1.108299970626831, 1.1578999757766724, 1.2211999893188477, 1.3087999820709229, 1.4241000413894653, 1.5827001333236694, 1.7690000534057617, 1.9961000680923462, 2.2592999935150146, 2.51419997215271, 2.749199867248535, 2.9674999713897705, 3.1500000953674316, 3.308000087738037, 3.4344000816345215, 3.528900146484375, 3.604300022125244, 3.668799877166748, 3.720099925994873, 3.7565999031066895, 3.7914998531341553, 3.8229000568389893, 3.844599962234497, 3.862100124359131, 3.8789000511169434, 3.892699956893921, 3.9052999019622803, 3.9163999557495117, 3.926800012588501]}