{"test": [44.32, 44.32, 44.33, 44.34, 44.38, 44.56, 44.78, 44.96, 45.18, 45.59, 46.16, 47.19, 48.1, 49.4, 51.23, 53.5, 56.18, 58.77, 60.59, 63.43, 65.0, 65.97, 66.86, 67.41, 67.69, 67.73, 67.85, 67.96, 67.99, 68.01, 68.0, 68.04, 68.05, 68.04, 68.06, 68.04, 68.0, 68.0, 68.0], "val": [43.16869149571799, 43.16869149571799, 43.18860784704242, 43.20852419836686, 43.21848237402908, 43.318064130651265, 43.467436765584544, 43.7661820354511, 44.03505277833101, 44.552877912766384, 45.23999203345947, 46.11631149173471, 47.35112527384983, 48.9344752041426, 50.96594303923521, 52.99741087432783, 55.38737303326031, 58.255327623979284, 61.05357498506274, 62.935670185222065, 64.48914558852819, 65.7239593706433, 66.54052977494523, 66.82931686914957, 67.02848038239395, 67.19776936865166, 67.22764389563832, 67.41684923322047, 67.44672376020714, 67.44672376020714, 67.43676558454491, 67.4268074088827, 67.4268074088827, 67.44672376020714, 67.43676558454491, 67.46664011153156, 67.45668193586936, 67.46664011153156, 67.47659828719378], "flops": [1.0011999607086182, 1.0013999938964844, 1.0011999607086182, 1.0015000104904175, 1.004599928855896, 1.0126999616622925, 1.0200999975204468, 1.031599998474121, 1.0437999963760376, 1.0659000873565674, 1.1023000478744507, 1.1513999700546265, 1.212499976158142, 1.3073999881744385, 1.4250999689102173, 1.5896999835968018, 1.7800999879837036, 2.0026001930236816, 2.230599880218506, 2.4890999794006348, 2.7342000007629395, 2.9615001678466797, 3.1514999866485596, 3.297799825668335, 3.4235000610351562, 3.515399932861328, 3.604099988937378, 3.668600082397461, 3.7194998264312744, 3.7604000568389893, 3.7958998680114746, 3.825200080871582, 3.847599983215332, 3.862299919128418, 3.8801000118255615, 3.8933000564575195, 3.9072999954223633, 3.919600009918213, 3.9291000366210938]}