{"test": [41.35, 41.35, 41.35, 41.4, 41.45, 41.53, 41.77, 42.03, 42.62, 43.36, 44.19, 45.27, 47.04, 48.88, 51.42, 54.31, 57.5, 60.35, 63.34, 65.62, 67.2, 68.2, 68.63, 68.93, 69.19, 69.27, 69.29, 69.34, 69.23, 69.16, 69.12, 69.11, 69.08, 69.08, 69.06, 69.04, 69.03, 69.02, 69.01], "val": [40.73889663413662, 40.74885480979884, 40.75881298546106, 40.798645688109936, 40.828520215096596, 40.987851025692095, 41.18701453893647, 41.505676160127464, 41.99362676757618, 42.73053176658036, 43.57697669786895, 45.01095399322844, 46.484763991236804, 48.58593905596495, 50.86636128261303, 53.96335391356303, 56.99063931487751, 60.1274646484764, 62.90579565823541, 65.26588329018124, 67.02848038239395, 68.33300139414459, 68.85082652857996, 69.19936267675762, 69.40848436566421, 69.62756423023302, 69.81676956781517, 69.73710416251743, 69.79685321649075, 69.69727145986855, 69.64748058155746, 69.62756423023302, 69.60764787890858, 69.58773152758414, 69.5578570005975, 69.52798247361083, 69.51802429794861, 69.5080661222864, 69.48814977096195], "flops": [1.0002999305725098, 1.000100016593933, 1.000499963760376, 1.0017999410629272, 1.0033999681472778, 1.007200002670288, 1.016200065612793, 1.027500033378601, 1.044700026512146, 1.069599986076355, 1.1043999195098877, 1.1539000272750854, 1.22350013256073, 1.3095999956130981, 1.4300000667572021, 1.5964000225067139, 1.7954000234603882, 2.0064001083374023, 2.2437000274658203, 2.513700008392334, 2.752999782562256, 2.9637999534606934, 3.157899856567383, 3.302999973297119, 3.4268999099731445, 3.521899938583374, 3.603800058364868, 3.6689999103546143, 3.7152998447418213, 3.7583000659942627, 3.799300193786621, 3.826900005340576, 3.848299980163574, 3.8672001361846924, 3.8849997520446777, 3.897899866104126, 3.908099889755249, 3.9182000160217285, 3.9288997650146484]}