{"test": [38.24, 38.24, 38.24, 38.27, 38.36, 38.53, 38.7, 39.01, 39.66, 40.43, 41.48, 42.6, 44.28, 46.27, 48.66, 51.68, 55.09, 58.36, 61.54, 64.34, 66.35, 68.1, 69.09, 69.67, 70.13, 70.42, 70.55, 70.62, 70.69, 70.69, 70.69, 70.73, 70.71, 70.69, 70.73, 70.71, 70.71, 70.71, 70.72], "val": [37.85102569209321, 37.86098386775543, 37.87094204341765, 37.930691097390955, 37.970523800039835, 38.119896434973114, 38.28918542123083, 38.667596096395144, 39.185421230830514, 39.82274447321251, 40.798645688109936, 42.3222465644294, 43.96534554869548, 46.27564230233021, 48.834893447520415, 52.061342362079266, 55.19816769567815, 58.44453296156144, 61.491734714200355, 64.6584345747859, 66.83927504481179, 68.42262497510455, 69.1894045010954, 69.82672774347739, 70.10555666201952, 70.55367456681935, 70.74287990440152, 70.82254530969927, 70.90221071499701, 70.87233618801035, 70.93208524198367, 70.93208524198367, 70.94204341764589, 70.97191794463254, 70.96195976897033, 70.96195976897033, 70.93208524198367, 70.93208524198367, 70.87233618801035], "flops": [1.0, 1.0, 1.0006998777389526, 1.0025999546051025, 1.0048999786376953, 1.0096999406814575, 1.0149999856948853, 1.025499939918518, 1.0479999780654907, 1.0717999935150146, 1.1093000173568726, 1.1563999652862549, 1.2263998985290527, 1.31059992313385, 1.4237000942230225, 1.5778000354766846, 1.781599998474121, 2.007499933242798, 2.262199878692627, 2.5202999114990234, 2.7523999214172363, 2.9702999591827393, 3.157400131225586, 3.3004000186920166, 3.4174001216888428, 3.5174999237060547, 3.59660005569458, 3.6628000736236572, 3.719099998474121, 3.7572999000549316, 3.7909998893737793, 3.8201000690460205, 3.8420000076293945, 3.8612000942230225, 3.876800060272217, 3.8921000957489014, 3.906399965286255, 3.919300079345703, 3.9263999462127686]}