{"test": [38.57, 38.59, 38.61, 38.64, 38.64, 38.71, 38.89, 39.28, 39.5, 39.91, 40.74, 41.75, 43.1, 44.88, 46.89, 48.83, 51.83, 54.04, 56.27, 58.2, 59.5, 60.37, 60.67, 60.97, 61.09, 61.16, 61.23, 61.09, 61.15, 61.19, 61.24, 61.17, 61.23, 61.23, 61.19, 61.19, 61.15, 61.13, 61.11], "val": [38.099980083648674, 38.099980083648674, 38.119896434973114, 38.109938259310894, 38.13981278629755, 38.348934475204146, 38.508265285799645, 38.73730332603067, 39.20533758215495, 39.70324636526588, 40.589523999203344, 41.734714200358496, 42.99940250946027, 44.732125074686316, 46.893049193387775, 49.342760406293564, 52.091216889065926, 54.64050985859391, 56.681935869348735, 58.61382194781916, 60.03784106751643, 60.66520613423621, 61.352320254929296, 61.511651065524795, 61.74068910575583, 61.9398526190002, 62.039434375622385, 62.049392551284605, 62.13901613224457, 62.17884883489345, 62.15893248356901, 62.14897430790679, 62.059350726946825, 62.0991834295957, 62.0991834295957, 62.12905795658235, 62.12905795658235, 62.12905795658235, 62.12905795658235], "flops": [1.0011999607086182, 1.0009000301361084, 1.0013000965118408, 1.0018999576568604, 1.003499984741211, 1.0081000328063965, 1.014299988746643, 1.0276000499725342, 1.041599988937378, 1.0622999668121338, 1.0977001190185547, 1.148400068283081, 1.2178000211715698, 1.3061999082565308, 1.4313000440597534, 1.583400011062622, 1.7822998762130737, 2.0062999725341797, 2.251199960708618, 2.5016000270843506, 2.750699996948242, 2.9554998874664307, 3.1375999450683594, 3.301500082015991, 3.419300079345703, 3.521399974822998, 3.60830020904541, 3.672800064086914, 3.719600200653076, 3.7648000717163086, 3.7964999675750732, 3.823700189590454, 3.844899892807007, 3.8659000396728516, 3.882699966430664, 3.899199962615967, 3.911600112915039, 3.918799877166748, 3.925600051879883]}