{"test": [12.26, 12.27, 12.34, 12.34, 12.45, 12.62, 12.83, 13.2, 13.74, 14.38, 15.38, 16.67, 18.73, 20.89, 24.32, 28.35, 33.29, 38.62, 44.07, 49.38, 53.68, 57.42, 59.84, 61.8, 63.49, 64.62, 65.3, 65.7, 65.96, 66.2, 66.39, 66.4, 66.47, 66.49, 66.52, 66.52, 66.53, 66.56, 66.58], "val": [12.517426807408883, 12.527384983071101, 12.547301334395538, 12.587134037044413, 12.666799442342162, 12.796255725951006, 13.055168293168691, 13.264289982075283, 13.682533359888469, 14.28002389962159, 15.206134236207927, 16.560446126269667, 18.482374029077874, 20.942043417645888, 24.08882692690699, 28.281218880701054, 32.88189603664609, 38.338976299541926, 43.80601473809998, 49.203345947022505, 53.515236008763196, 57.209719179446324, 60.31666998605856, 62.37801234813782, 63.82194781915953, 64.77793268273253, 65.4052977494523, 65.9928301135232, 66.19199362676757, 66.44094801832304, 66.55048795060745, 66.55048795060745, 66.6301533559052, 66.66998605855407, 66.68990240987851, 66.70981876120295, 66.71977693686516, 66.71977693686516, 66.70981876120295], "flops": [1.0015000104904175, 1.0018999576568604, 1.0039000511169434, 1.003000020980835, 1.0055999755859375, 1.01010000705719, 1.0155999660491943, 1.0285999774932861, 1.0429000854492188, 1.0666999816894531, 1.0998998880386353, 1.1455999612808228, 1.2192000150680542, 1.3051000833511353, 1.427799940109253, 1.5839999914169312, 1.7736998796463013, 2.0011000633239746, 2.24429988861084, 2.5025999546051025, 2.745800018310547, 2.9563000202178955, 3.1335999965667725, 3.292099952697754, 3.4223999977111816, 3.516200065612793, 3.5957999229431152, 3.6647000312805176, 3.7215001583099365, 3.764400005340576, 3.7997000217437744, 3.8280999660491943, 3.849599838256836, 3.8661999702453613, 3.88349986076355, 3.8973000049591064, 3.9075000286102295, 3.9178998470306396, 3.9277000427246094]}