{"test": [91.63107678328032, 91.63107678328032, 91.64016356201726, 91.64016356201726, 91.62199000454339, 91.62199000454339, 91.67651067696501, 91.83098591549296, 92.08541572012722, 92.45797364834166, 92.81235801908224, 93.14856883234893, 93.28487051340299, 93.45751930940482, 93.53021353930032, 93.63925488414357, 93.63925488414357, 93.6937755565652, 93.71194911403907, 93.73012267151294, 93.74829622898683, 93.75738300772376, 93.75738300772376, 93.7664697864607, 93.7664697864607, 93.7664697864607, 93.7664697864607, 93.7664697864607, 93.7664697864607, 93.7664697864607, 93.7664697864607, 93.7664697864607, 93.7664697864607, 93.7664697864607, 93.7664697864607, 93.7664697864607, 93.7664697864607, 93.7664697864607, 93.7664697864607], "val": [91.98063565565144, 91.98063565565144, 91.98063565565144, 91.98589770574615, 91.99115975584087, 92.00168385603031, 92.07535255735634, 92.26478636076615, 92.49105451483898, 92.75415701957482, 93.03830772468955, 93.3066722795201, 93.45400968217217, 93.46453378236161, 93.69080193643444, 93.63291938539255, 93.5855609345401, 93.5855609345401, 93.60660913491897, 93.60660913491897, 93.62239528520311, 93.60660913491897, 93.60134708482424, 93.60134708482424, 93.60134708482424, 93.60134708482424, 93.60134708482424, 93.60134708482424, 93.60134708482424, 93.60134708482424, 93.60134708482424, 93.60134708482424, 93.60134708482424, 93.60134708482424, 93.60134708482424, 93.60134708482424, 93.60134708482424, 93.60134708482424, 93.60134708482424], "flops": [1.0, 1.0, 1.000454306602478, 1.0009995698928833, 1.002180814743042, 1.003725528717041, 1.009995460510254, 1.0192639827728271, 1.0359835624694824, 1.0590640306472778, 1.0952295064926147, 1.1465697288513184, 1.2089959383010864, 1.3014084100723267, 1.4231712818145752, 1.5828258991241455, 1.7815537452697754, 2.0036346912384033, 2.2530667781829834, 2.507950782775879, 2.748386859893799, 2.967378616333008, 3.1500227451324463, 3.3087687492370605, 3.425443172454834, 3.5308494567871094, 3.6086323261260986, 3.6706044673919678, 3.721853733062744, 3.7637436389923096, 3.802180767059326, 3.826896905899048, 3.8490686416625977, 3.866696834564209, 3.8827805519104004, 3.8965015411376953, 3.9066786766052246, 3.915220260620117, 3.925852060317993]}