{"test": [91.95820081781008, 91.95820081781008, 91.95820081781008, 91.95820081781008, 91.95820081781008, 91.93094048159928, 91.96728759654702, 92.23989095865515, 92.40345297592003, 92.88505224897774, 93.23034984098138, 93.55747387551114, 93.71194911403907, 93.87551113130395, 93.93003180372558, 93.8845979100409, 93.85733757383008, 93.7664697864607, 93.77555656519763, 93.78464334393458, 93.78464334393458, 93.78464334393458, 93.77555656519763, 93.77555656519763, 93.77555656519763, 93.77555656519763, 93.77555656519763, 93.77555656519763, 93.77555656519763, 93.77555656519763, 93.77555656519763, 93.77555656519763, 93.77555656519763, 93.77555656519763, 93.77555656519763, 93.77555656519763, 93.77555656519763, 93.77555656519763, 93.77555656519763], "val": [92.15954535887181, 92.15954535887181, 92.15954535887181, 92.15954535887181, 92.1542833087771, 92.17533150915597, 92.25952431067144, 92.4331719637971, 92.69101241843822, 92.95937697326879, 93.31719637970953, 93.52767838349821, 93.68553988633971, 93.87497368974952, 93.88549778993897, 93.88549778993897, 93.9275941906967, 93.8644495895601, 93.86971163965481, 93.84866343927594, 93.84340138918122, 93.84340138918122, 93.84340138918122, 93.84340138918122, 93.84340138918122, 93.84340138918122, 93.84340138918122, 93.84340138918122, 93.84340138918122, 93.84340138918122, 93.84340138918122, 93.84340138918122, 93.84340138918122, 93.84340138918122, 93.84340138918122, 93.84340138918122, 93.84340138918122, 93.84340138918122, 93.84340138918122], "flops": [1.0, 1.0, 1.0000908374786377, 1.000636100769043, 1.0019081830978394, 1.0038164854049683, 1.0092685222625732, 1.0214447975158691, 1.0369831323623657, 1.0640617609024048, 1.1010448932647705, 1.1500226259231567, 1.2132667303085327, 1.3042253255844116, 1.4268969297409058, 1.5795546770095825, 1.7904589176177979, 2.0098137855529785, 2.2582461833953857, 2.511312961578369, 2.7606542110443115, 2.9749207496643066, 3.147660255432129, 3.2951385974884033, 3.415174961090088, 3.515674591064453, 3.5952749252319336, 3.666696786880493, 3.7226715087890625, 3.7674694061279297, 3.7980010509490967, 3.828986883163452, 3.8509767055511475, 3.8696048259735107, 3.886597156524658, 3.900045394897461, 3.912130832672119, 3.923398494720459, 3.93239426612854]}