{"test": [91.45842798727851, 91.45842798727851, 91.45842798727851, 91.45842798727851, 91.44025442980464, 91.44934120854157, 91.51294865970014, 91.6946842344389, 91.94002726033621, 92.30349840981373, 92.73966378918674, 93.02135393003181, 93.13039527487506, 93.36665152203544, 93.65742844161744, 93.67560199909133, 93.59382099045888, 93.51203998182645, 93.5029532030895, 93.49386642435256, 93.5029532030895, 93.45751930940482, 93.45751930940482, 93.45751930940482, 93.45751930940482, 93.46660608814176, 93.46660608814176, 93.46660608814176, 93.46660608814176, 93.46660608814176, 93.46660608814176, 93.46660608814176, 93.46660608814176, 93.46660608814176, 93.46660608814176, 93.46660608814176, 93.46660608814176, 93.46660608814176, 93.46660608814176], "val": [91.81751210271521, 91.81751210271521, 91.8122500526205, 91.80698800252578, 91.81751210271521, 91.83856030309408, 91.83856030309408, 92.03325615659861, 92.25952431067144, 92.51210271521785, 92.83308777099558, 93.08566617554199, 93.23826562828879, 93.48558198274047, 93.55925068406651, 93.59608503472953, 93.6171332351084, 93.54872658387708, 93.56451273416123, 93.5855609345401, 93.57503683435067, 93.5539886339718, 93.54872658387708, 93.5539886339718, 93.55925068406651, 93.55925068406651, 93.56451273416123, 93.56451273416123, 93.56451273416123, 93.56451273416123, 93.56451273416123, 93.56451273416123, 93.56451273416123, 93.56451273416123, 93.56451273416123, 93.56451273416123, 93.56451273416123, 93.56451273416123, 93.56451273416123], "flops": [1.0, 1.0, 1.000454306602478, 1.001090407371521, 1.0022716522216797, 1.0036346912384033, 1.0096319913864136, 1.0195366144180298, 1.037255883216858, 1.0632439851760864, 1.0958654880523682, 1.1453884840011597, 1.211449384689331, 1.29977285861969, 1.4236255884170532, 1.5752840042114258, 1.7741026878356934, 2.0100862979888916, 2.2626986503601074, 2.514493465423584, 2.757382869720459, 2.967378616333008, 3.1631078720092773, 3.313039541244507, 3.434802532196045, 3.538482427597046, 3.615629196166992, 3.6815083026885986, 3.7334847450256348, 3.7740118503570557, 3.80726957321167, 3.8335304260253906, 3.8575191497802734, 3.877964496612549, 3.8920490741729736, 3.9039528369903564, 3.9142208099365234, 3.924852132797241, 3.9329397678375244]}