{"test": [91.7673784643344, 91.7673784643344, 91.7673784643344, 91.7673784643344, 91.7673784643344, 91.7673784643344, 91.77646524307133, 91.84915947296683, 92.01272149023171, 92.17628350749659, 92.49432076328941, 92.62153566560654, 92.73966378918674, 92.78509768287142, 92.89413902771467, 92.95774647887323, 93.10313493866424, 93.04861426624262, 93.09404815992731, 93.0667878237165, 93.0667878237165, 93.07587460245342, 93.0667878237165, 93.07587460245342, 93.07587460245342, 93.07587460245342, 93.07587460245342, 93.07587460245342, 93.07587460245342, 93.07587460245342, 93.07587460245342, 93.07587460245342, 93.07587460245342, 93.07587460245342, 93.07587460245342, 93.07587460245342, 93.07587460245342, 93.07587460245342, 93.07587460245342], "val": [92.20164175962955, 92.20164175962955, 92.20164175962955, 92.20690380972427, 92.20690380972427, 92.20164175962955, 92.24373816038728, 92.32793096190275, 92.51210271521785, 92.72258471900652, 92.91201852241633, 93.06461797516312, 93.1803830772469, 93.32245842980426, 93.39086508103557, 93.41191328141444, 93.43822353188803, 93.43296148179331, 93.401389181225, 93.41717533150916, 93.41717533150916, 93.40665123131973, 93.401389181225, 93.401389181225, 93.40665123131973, 93.40665123131973, 93.40665123131973, 93.40665123131973, 93.40665123131973, 93.40665123131973, 93.40665123131973, 93.40665123131973, 93.40665123131973, 93.40665123131973, 93.40665123131973, 93.40665123131973, 93.40665123131973, 93.40665123131973, 93.40665123131973], "flops": [1.0, 1.0, 1.0000908374786377, 1.0007269382476807, 1.002180814743042, 1.004089117050171, 1.0086325407028198, 1.0182644128799438, 1.0362563133239746, 1.059609293937683, 1.0970468521118164, 1.1450248956680298, 1.2097227573394775, 1.3024988174438477, 1.4263516664505005, 1.581735610961914, 1.7787368297576904, 2.015629291534424, 2.2641525268554688, 2.5118584632873535, 2.7522034645080566, 2.9618353843688965, 3.148296356201172, 3.3019535541534424, 3.424715995788574, 3.529486656188965, 3.6118128299713135, 3.6762380599975586, 3.730576992034912, 3.77046799659729, 3.8049068450927734, 3.828441619873047, 3.8512492179870605, 3.871331214904785, 3.8871421813964844, 3.9004998207092285, 3.910858631134033, 3.921217679977417, 3.928032636642456]}