{"test": [87.20581553839165, 87.20581553839165, 87.20581553839165, 87.20581553839165, 87.20581553839165, 87.21490231712858, 87.29668332576102, 87.56928668786915, 87.80554293502954, 88.18718764198091, 88.80508859609269, 89.44116310767834, 90.14084507042253, 90.77691958200818, 91.30395274875056, 91.74920490686051, 92.0581553839164, 92.35801908223534, 92.52158109950022, 92.56701499318491, 92.57610177192186, 92.58518855065878, 92.60336210813267, 92.6124488868696, 92.6124488868696, 92.62153566560654, 92.62153566560654, 92.62153566560654, 92.62153566560654, 92.62153566560654, 92.62153566560654, 92.62153566560654, 92.62153566560654, 92.62153566560654, 92.62153566560654, 92.62153566560654, 92.62153566560654, 92.62153566560654, 92.62153566560654], "val": [87.52367922542622, 87.52367922542622, 87.5184171753315, 87.5184171753315, 87.52367922542622, 87.5184171753315, 87.53420332561566, 87.7341612292149, 88.04988423489792, 88.49715849294886, 88.99705325194695, 89.70216796463902, 90.29151757524731, 90.89139128604505, 91.375499894759, 91.78593980214691, 91.98063565565144, 92.09640075773521, 92.22268996000842, 92.24900021048201, 92.28583456114502, 92.3068827615239, 92.3068827615239, 92.32266891180804, 92.32266891180804, 92.31740686171332, 92.31740686171332, 92.31740686171332, 92.31740686171332, 92.31740686171332, 92.31740686171332, 92.31740686171332, 92.31740686171332, 92.31740686171332, 92.31740686171332, 92.31740686171332, 92.31740686171332, 92.31740686171332, 92.31740686171332], "flops": [1.0, 1.0, 1.0, 1.0000908374786377, 1.0019081830978394, 1.0039981603622437, 1.0084507465362549, 1.0193548202514648, 1.0359835624694824, 1.056974172592163, 1.0898683071136475, 1.1330304145812988, 1.2029987573623657, 1.293502926826477, 1.4152659177780151, 1.57364821434021, 1.7766469717025757, 2.011812686920166, 2.258155345916748, 2.5090413093566895, 2.755565643310547, 2.9602906703948975, 3.1583824157714844, 3.305860996246338, 3.4271695613861084, 3.5317580699920654, 3.612903118133545, 3.6766016483306885, 3.729668378829956, 3.7705588340759277, 3.8049068450927734, 3.8301682472229004, 3.8549749851226807, 3.8740572929382324, 3.888777732849121, 3.9014992713928223, 3.912221670150757, 3.9226715564727783, 3.930577039718628]}