{"test": [91.26760563380282, 91.26760563380282, 91.25851885506587, 91.24943207632894, 91.25851885506587, 91.25851885506587, 91.29486597001363, 91.40390731485688, 91.74011812812358, 92.02180826896866, 92.43980009086779, 92.63062244434349, 92.6851431167651, 92.97592003634712, 93.09404815992731, 93.18491594729669, 93.29395729213994, 93.29395729213994, 93.36665152203544, 93.38482507950931, 93.3575647432985, 93.37573830077238, 93.38482507950931, 93.38482507950931, 93.38482507950931, 93.38482507950931, 93.38482507950931, 93.38482507950931, 93.38482507950931, 93.38482507950931, 93.38482507950931, 93.38482507950931, 93.38482507950931, 93.38482507950931, 93.38482507950931, 93.38482507950931, 93.38482507950931, 93.38482507950931, 93.38482507950931], "val": [91.65965059987371, 91.65965059987371, 91.65965059987371, 91.64912649968427, 91.64912649968427, 91.65965059987371, 91.72805725110503, 91.82803620290466, 92.00168385603031, 92.31740686171332, 92.6857503683435, 93.03830772468955, 93.26457587876237, 93.48031993264576, 93.51189223321406, 93.56977478425594, 93.6171332351084, 93.55925068406651, 93.59082298463481, 93.6171332351084, 93.59082298463481, 93.58029888444538, 93.5855609345401, 93.5855609345401, 93.5855609345401, 93.59082298463481, 93.59082298463481, 93.59082298463481, 93.59082298463481, 93.59082298463481, 93.59082298463481, 93.59082298463481, 93.59082298463481, 93.59082298463481, 93.59082298463481, 93.59082298463481, 93.59082298463481, 93.59082298463481, 93.59082298463481], "flops": [1.0, 1.0, 1.000636100769043, 1.0019081830978394, 1.00263512134552, 1.004361629486084, 1.0095411539077759, 1.0193548202514648, 1.0363471508026123, 1.0614266395568848, 1.0927760601043701, 1.1407541036605835, 1.2057247161865234, 1.2923216819763184, 1.416083574295044, 1.5781008005142212, 1.7698320150375366, 1.9905498027801514, 2.23516583442688, 2.4904134273529053, 2.7301225662231445, 2.94702410697937, 3.13675594329834, 3.2938663959503174, 3.424443244934082, 3.5273056030273438, 3.6052703857421875, 3.667787551879883, 3.727123975753784, 3.770467758178711, 3.801362991333008, 3.8263516426086426, 3.8494319915771484, 3.866333484649658, 3.8811450004577637, 3.8955929279327393, 3.9079511165618896, 3.9185824394226074, 3.9272148609161377]}