{"test": [91.24943207632894, 91.24943207632894, 91.24943207632894, 91.25851885506587, 91.25851885506587, 91.25851885506587, 91.27669241253976, 91.35847342117219, 91.5765561108587, 91.7946388005452, 92.23989095865515, 92.5397546569741, 92.99409359382099, 93.15765561108587, 93.40299863698318, 93.53021353930032, 93.5029532030895, 93.53021353930032, 93.53930031803725, 93.49386642435256, 93.47569286687869, 93.47569286687869, 93.47569286687869, 93.47569286687869, 93.47569286687869, 93.47569286687869, 93.47569286687869, 93.47569286687869, 93.47569286687869, 93.47569286687869, 93.47569286687869, 93.47569286687869, 93.47569286687869, 93.47569286687869, 93.47569286687869, 93.47569286687869, 93.47569286687869, 93.47569286687869, 93.47569286687869], "val": [91.7175331509156, 91.7175331509156, 91.7175331509156, 91.7175331509156, 91.7175331509156, 91.72805725110503, 91.76489160176804, 91.91749105451484, 92.11744895811408, 92.34897916228162, 92.61208166701746, 92.92254262260576, 93.13302462639444, 93.41191328141444, 93.52767838349821, 93.59082298463481, 93.6487055356767, 93.62765733529783, 93.60134708482424, 93.60134708482424, 93.60134708482424, 93.60134708482424, 93.60134708482424, 93.60134708482424, 93.60134708482424, 93.60134708482424, 93.60134708482424, 93.60134708482424, 93.60134708482424, 93.60134708482424, 93.60134708482424, 93.60134708482424, 93.60134708482424, 93.60134708482424, 93.60134708482424, 93.60134708482424, 93.60134708482424, 93.60134708482424, 93.60134708482424], "flops": [1.0, 1.0, 1.0, 1.0011812448501587, 1.002362608909607, 1.0038164854049683, 1.0095411539077759, 1.0193548202514648, 1.0376192331314087, 1.0616991519927979, 1.0974103212356567, 1.1456611156463623, 1.2080873250961304, 1.3049522638320923, 1.4276237487792969, 1.5794638395309448, 1.7746479511260986, 2.008723258972168, 2.268423318862915, 2.507678270339966, 2.742480754852295, 2.9587459564208984, 3.1491141319274902, 3.307405948638916, 3.4275331497192383, 3.5261244773864746, 3.609813690185547, 3.670149803161621, 3.718128204345703, 3.7640163898468018, 3.795729160308838, 3.8195366859436035, 3.8419809341430664, 3.8649704456329346, 3.881599187850952, 3.896592617034912, 3.906497001647949, 3.915311336517334, 3.925034284591675]}