{"test": [91.59472966833258, 91.59472966833258, 91.59472966833258, 91.59472966833258, 91.59472966833258, 91.61290322580645, 91.64925034075421, 91.6946842344389, 91.7946388005452, 91.84915947296683, 92.1308496138119, 92.23080417991822, 92.22171740118128, 92.33075874602453, 92.18537028623354, 92.10358927760109, 92.03089504770558, 92.03998182644253, 91.94002726033621, 91.93094048159928, 91.92185370286234, 91.92185370286234, 91.91276692412539, 91.91276692412539, 91.91276692412539, 91.91276692412539, 91.91276692412539, 91.91276692412539, 91.91276692412539, 91.91276692412539, 91.91276692412539, 91.91276692412539, 91.91276692412539, 91.91276692412539, 91.91276692412539, 91.91276692412539, 91.91276692412539, 91.91276692412539, 91.91276692412539], "val": [91.60703009892654, 91.60703009892654, 91.60703009892654, 91.60176804883183, 91.59650599873711, 91.5649336981688, 91.59124394864239, 91.60176804883183, 91.79120185224163, 91.89118080404126, 91.99115975584087, 92.18059355925068, 92.2174279099137, 92.15954535887181, 92.18059355925068, 92.08587665754578, 91.97011155546201, 91.87013260366238, 91.83329825299937, 91.80698800252578, 91.82277415280994, 91.82277415280994, 91.82277415280994, 91.82277415280994, 91.82277415280994, 91.82277415280994, 91.82277415280994, 91.82277415280994, 91.82277415280994, 91.82277415280994, 91.82277415280994, 91.82277415280994, 91.82277415280994, 91.82277415280994, 91.82277415280994, 91.82277415280994, 91.82277415280994, 91.82277415280994, 91.82277415280994], "flops": [1.0, 1.0, 1.0003634691238403, 1.0008177757263184, 1.0019991397857666, 1.0036346912384033, 1.0092685222625732, 1.0198091268539429, 1.0365288257598877, 1.0561562776565552, 1.0900499820709229, 1.1372103691101074, 1.1997274160385132, 1.3004088401794434, 1.4230804443359375, 1.5742844343185425, 1.7683780193328857, 1.9979100227355957, 2.2505226135253906, 2.5005905628204346, 2.7438435554504395, 2.9637436866760254, 3.1480236053466797, 3.3047707080841064, 3.424534320831299, 3.5268514156341553, 3.6039981842041016, 3.669241189956665, 3.7232167720794678, 3.7641983032226562, 3.800636053085327, 3.828078031539917, 3.8509767055511475, 3.868241786956787, 3.884143590927124, 3.897228479385376, 3.9066786766052246, 3.9154930114746094, 3.924670696258545]}