{"test": [21.1, 21.1, 21.12, 21.12, 21.13, 21.16, 21.15, 21.23, 21.35, 21.39, 21.41, 21.57, 21.7, 21.83, 22.04, 22.14, 22.33, 22.43, 22.52, 22.61, 22.85, 22.95, 22.96, 23.11, 23.26, 23.15, 23.17, 23.32, 23.28, 23.33, 23.44, 23.49, 23.54, 23.52, 23.56, 23.58, 23.53, 23.54, 23.54], "val": [21.373056994818654, 21.373056994818654, 21.373056994818654, 21.373056994818654, 21.36309286568354, 21.373056994818654, 21.402949382223994, 21.522518931845358, 21.602231964926265, 21.671980868872062, 21.602231964926265, 21.72180151454763, 21.86129932243922, 22.050617776006376, 22.269828616978877, 22.469111199681148, 22.54882423276206, 22.648465524113192, 22.66839378238342, 22.66839378238342, 22.83778397768035, 22.827819848545236, 22.97728178557194, 23.08688720605819, 23.186528497409327, 23.246313272220007, 23.266241530490234, 23.316062176165804, 23.316062176165804, 23.33599043443603, 23.316062176165804, 23.36588282184137, 23.36588282184137, 23.405739338381824, 23.465524113192508, 23.495416500597848, 23.495416500597848, 23.515344758868075, 23.5352730171383], "flops": [470581056.0, 470581056.0, 471042080.0, 471251616.0, 472131712.0, 473850048.0, 476951392.0, 480681376.0, 487470816.0, 496020480.0, 506875136.0, 519909184.0, 533990976.0, 550293952.0, 569865984.0, 589437952.0, 609303296.0, 631389952.0, 652135424.0, 675018240.0, 697565888.0, 717221696.0, 735829760.0, 751168832.0, 766801216.0, 780924928.0, 791109120.0, 801670464.0, 811435456.0, 821158656.0, 828828160.0, 835282240.0, 840395328.0, 846053248.0, 850956608.0, 855147648.0, 858877696.0, 861140864.0, 863655424.0]}