{"test": [15.96, 15.96, 15.96, 15.96, 15.99, 16.04, 16.05, 16.08, 16.16, 16.19, 16.16, 16.19, 16.35, 16.38, 16.5, 16.68, 17.0, 17.16, 17.36, 17.68, 17.51, 17.5, 17.19, 17.13, 16.94, 16.87, 16.64, 16.66, 16.69, 16.69, 16.67, 16.66, 16.69, 16.68, 16.68, 16.71, 16.66, 16.67, 16.69], "val": [15.763252291749701, 15.773216420884815, 15.773216420884815, 15.793144679155041, 15.783180550019928, 15.763252291749701, 15.763252291749701, 15.763252291749701, 15.783180550019928, 15.862893583100837, 16.012355520127542, 16.012355520127542, 16.2016739736947, 16.43084894380231, 16.699880430450378, 16.84934236747708, 16.889198884017535, 17.2279792746114, 17.19808688720606, 17.247907532881626, 17.138302112395376, 17.417297728178557, 17.606616181745714, 17.437225986448784, 17.2279792746114, 17.2279792746114, 17.247907532881626, 17.168194499800716, 17.208051016341173, 17.158230370665603, 17.108409724990036, 17.08848146671981, 17.05858907931447, 17.068553208449583, 17.068553208449583, 17.03866082104424, 16.998804304503786, 16.988840175368672, 16.998804304503786], "flops": [160778480.0, 160778480.0, 160738928.0, 160936624.0, 161305664.0, 162030576.0, 163203568.0, 164824656.0, 167539712.0, 170861024.0, 175526640.0, 181813440.0, 189945360.0, 201846736.0, 217609776.0, 238592016.0, 263422768.0, 295027936.0, 326830784.0, 358884064.0, 391991744.0, 418680832.0, 443946496.0, 464072064.0, 481021280.0, 494227456.0, 504415456.0, 512600096.0, 519730368.0, 525265888.0, 529773376.0, 532778368.0, 535941504.0, 538432512.0, 540567616.0, 542505024.0, 544139392.0, 545734144.0, 546867584.0]}