{"test": [46.8, 46.81, 46.81, 46.79, 46.83, 46.87, 47.02, 47.25, 47.59, 48.17, 48.87, 49.57, 50.38, 51.68, 53.04, 54.94, 56.73, 58.65, 60.36, 61.09, 61.77, 62.14, 62.51, 62.82, 62.96, 62.79, 62.76, 62.83, 62.89, 62.92, 62.91, 62.94, 62.91, 62.92, 62.92, 62.9, 62.92, 62.91, 62.91], "val": [46.432841769629334, 46.44280589876445, 46.44280589876445, 46.4826624153049, 46.552411319250695, 46.63212435233161, 46.78158628935831, 46.97090474292547, 47.319649262654444, 47.77799920286967, 48.5352730171383, 49.35233160621762, 50.318852132323634, 51.71383021123954, 53.198485452371465, 55.1315265045835, 57.054603427660425, 58.90793144679155, 60.18333997608609, 61.45874850538063, 62.23595057791949, 62.644479872459144, 63.13272220007971, 62.9732961339179, 63.082901554404145, 63.15265045834994, 63.10282981267437, 63.082901554404145, 63.023116779593465, 63.04304503786369, 63.06297329613392, 63.053009166998805, 63.04304503786369, 62.98326026305301, 62.993224392188125, 62.98326026305301, 62.95336787564767, 62.95336787564767, 62.98326026305301], "flops": [2118779.5, 2118991.5, 2120262.25, 2121956.5, 2128099.25, 2135512.75, 2151187.0, 2172580.5, 2209647.75, 2263660.5, 2335042.0, 2438831.0, 2571003.25, 2761424.25, 3033394.0, 3354928.25, 3767754.5, 4265095.0, 4804586.0, 5342383.0, 5845018.0, 6302961.0, 6657962.0, 6989240.0, 7257185.0, 7471118.0, 7643535.0, 7780790.5, 7877801.0, 7969093.0, 8045134.5, 8099782.5, 8144899.0, 8192769.5, 8226235.5, 8253983.5, 8278766.0, 8303548.0, 8319010.5]}