{"test": [45.42, 45.42, 45.43, 45.45, 45.55, 45.71, 45.85, 46.08, 46.49, 47.07, 47.72, 48.38, 49.91, 51.97, 53.97, 56.94, 59.83, 62.49, 65.07, 66.62, 67.44, 68.35, 69.05, 69.24, 69.25, 69.29, 69.46, 69.41, 69.33, 69.35, 69.4, 69.36, 69.36, 69.31, 69.32, 69.33, 69.32, 69.32, 69.32], "val": [44.650328750747164, 44.650328750747164, 44.67025303845387, 44.69017732616059, 44.74995018928073, 44.849571627814306, 45.03885236102809, 45.39748953974895, 45.795975293883245, 46.44351464435147, 47.26041044032676, 48.39609483960948, 50.00996214385336, 51.823072325164375, 53.81550109583582, 56.63478780633592, 59.50388523610281, 62.113966925682405, 64.71408647140865, 66.72643952978682, 68.32038254632397, 69.13727834229927, 69.43614265789998, 69.63538553496713, 69.81470412432756, 69.78481769276749, 69.8246662681809, 69.71508268579399, 69.63538553496713, 69.62542339111377, 69.67523411038056, 69.68519625423392, 69.61546124726041, 69.58557481570034, 69.51583980872684, 69.53576409643355, 69.51583980872684, 69.48595337716677, 69.48595337716677], "flops": [1.0, 1.0, 1.000599980354309, 1.0020999908447266, 1.0052999258041382, 1.0098999738693237, 1.0166999101638794, 1.0286999940872192, 1.0465999841690063, 1.0733000040054321, 1.1008000373840332, 1.145400047302246, 1.209800124168396, 1.3047001361846924, 1.419800043106079, 1.5750000476837158, 1.7640999555587769, 1.9904000759124756, 2.2414000034332275, 2.501999855041504, 2.734499931335449, 2.9446001052856445, 3.143399953842163, 3.293600082397461, 3.430299997329712, 3.5260000228881836, 3.610100030899048, 3.6743998527526855, 3.719900131225586, 3.7641000747680664, 3.7955000400543213, 3.822499990463257, 3.8457000255584717, 3.8633999824523926, 3.8794000148773193, 3.892199993133545, 3.9064998626708984, 3.9167001247406006, 3.925800085067749]}