{"test": [45.42, 45.42, 45.43, 45.45, 45.55, 45.71, 45.85, 46.08, 46.49, 47.07, 47.72, 48.38, 49.91, 51.96, 53.97, 56.93, 59.83, 62.49, 65.08, 66.62, 67.44, 68.35, 69.06, 69.22, 69.24, 69.29, 69.46, 69.41, 69.33, 69.35, 69.4, 69.36, 69.36, 69.31, 69.32, 69.33, 69.32, 69.32, 69.32], "val": [44.64036660689381, 44.64036660689381, 44.66029089460052, 44.68021518230723, 44.739988045427374, 44.83960948396095, 45.028890217174734, 45.37756525204224, 45.78601315002989, 46.43355250049811, 47.2504482964734, 48.386132695756125, 50.0, 51.81311018131102, 53.80553895198247, 56.63478780633592, 59.51384737995617, 62.12392906953576, 64.724048615262, 66.72643952978682, 68.32038254632397, 69.13727834229927, 69.42618051404662, 69.62542339111377, 69.81470412432756, 69.77485554891413, 69.8246662681809, 69.71508268579399, 69.63538553496713, 69.62542339111377, 69.67523411038056, 69.68519625423392, 69.61546124726041, 69.58557481570034, 69.51583980872684, 69.53576409643355, 69.51583980872684, 69.48595337716677, 69.48595337716677], "flops": [1.0, 1.0, 1.000599980354309, 1.0020999908447266, 1.0052999258041382, 1.0098999738693237, 1.0166999101638794, 1.0286999940872192, 1.0465999841690063, 1.0734000205993652, 1.1008000373840332, 1.1455000638961792, 1.2101000547409058, 1.3046001195907593, 1.4193999767303467, 1.5748000144958496, 1.763800024986267, 1.9904000759124756, 2.2418999671936035, 2.5020999908447266, 2.7346999645233154, 2.9446001052856445, 3.1434998512268066, 3.2936999797821045, 3.430600166320801, 3.5260000228881836, 3.609799861907959, 3.6745998859405518, 3.7197999954223633, 3.764199733734131, 3.7955000400543213, 3.822499990463257, 3.8457000255584717, 3.8633999824523926, 3.879300117492676, 3.892400026321411, 3.9064998626708984, 3.916800022125244, 3.925800085067749]}