{"test": [42.34, 42.34, 42.36, 42.43, 42.47, 42.65, 42.82, 43.13, 43.4, 44.11, 44.82, 45.75, 47.4, 49.58, 51.87, 54.62, 56.95, 59.58, 62.15, 63.93, 64.98, 65.74, 66.14, 66.21, 66.27, 66.15, 66.26, 66.27, 66.21, 66.21, 66.16, 66.17, 66.16, 66.15, 66.17, 66.18, 66.19, 66.19, 66.2], "val": [41.52221558079299, 41.52221558079299, 41.5421398684997, 41.572026300059775, 41.64176130703327, 41.741382745566845, 41.9605499103407, 42.24945208208806, 42.7077106993425, 43.255628611277146, 44.241880852759515, 45.546921697549315, 47.05120541940626, 49.193066347878066, 51.5839808726838, 54.29368400079697, 57.37198645148436, 59.982068141063955, 62.13389121338912, 63.996812113966925, 65.44132297270373, 66.36780235106595, 66.9854552699741, 67.25443315401475, 67.42378959952181, 67.4038653118151, 67.36401673640168, 67.33413030484161, 67.37397888025504, 67.42378959952181, 67.4038653118151, 67.4038653118151, 67.39390316796174, 67.36401673640168, 67.36401673640168, 67.36401673640168, 67.38394102410838, 67.38394102410838, 67.37397888025504], "flops": [1.0, 1.0, 1.001099944114685, 1.003100037574768, 1.004699945449829, 1.0082999467849731, 1.0160000324249268, 1.0254000425338745, 1.0394999980926514, 1.0642999410629272, 1.0936000347137451, 1.1384000778198242, 1.2163000106811523, 1.312999963760376, 1.4337999820709229, 1.579300045967102, 1.76419997215271, 1.9910000562667847, 2.259199857711792, 2.5090999603271484, 2.739299774169922, 2.9535999298095703, 3.145400047302246, 3.2929000854492188, 3.417799949645996, 3.52620005607605, 3.6050000190734863, 3.6714000701904297, 3.7230000495910645, 3.763700008392334, 3.7943999767303467, 3.819699764251709, 3.842900037765503, 3.861799955368042, 3.8777999877929688, 3.8923001289367676, 3.902600049972534, 3.9114999771118164, 3.921800136566162]}