{"test": [48.24, 48.22, 48.24, 48.28, 48.31, 48.45, 48.54, 48.7, 49.09, 49.61, 50.13, 50.93, 51.95, 53.47, 55.47, 57.34, 59.48, 61.86, 64.18, 65.44, 66.43, 67.29, 67.79, 68.02, 68.14, 68.27, 68.34, 68.44, 68.46, 68.43, 68.41, 68.38, 68.35, 68.36, 68.37, 68.35, 68.36, 68.38, 68.35], "val": [47.93783622235505, 47.93783622235505, 47.97768479776848, 48.01753337318191, 48.04741980474198, 48.15700338712891, 48.28651125722256, 48.45586770272963, 48.864315600717276, 49.33253636182506, 50.10958358238693, 50.926479378362224, 52.02231520223152, 53.34728033472803, 55.110579796772264, 57.312213588364216, 59.324566646742376, 61.44650328750747, 63.56843992827256, 64.95317792388921, 66.04901374775852, 66.57700737198645, 67.09503885236103, 67.43375174337517, 67.5433353257621, 67.5433353257621, 67.65291890814903, 67.52341103805539, 67.6130703327356, 67.60310818888225, 67.59314604502889, 67.6130703327356, 67.6130703327356, 67.59314604502889, 67.57322175732217, 67.57322175732217, 67.58318390117553, 67.59314604502889, 67.58318390117553], "flops": [1.0011999607086182, 1.000599980354309, 1.0018999576568604, 1.003000020980835, 1.0044000148773193, 1.0103999376296997, 1.0155000686645508, 1.0268999338150024, 1.0448999404907227, 1.0691999197006226, 1.1006999015808105, 1.1461000442504883, 1.2106001377105713, 1.2965000867843628, 1.41920006275177, 1.5642000436782837, 1.7513998746871948, 1.9810999631881714, 2.2321999073028564, 2.483599901199341, 2.725800037384033, 2.9567999839782715, 3.142699956893921, 3.295099973678589, 3.4189000129699707, 3.5232999324798584, 3.59660005569458, 3.6634998321533203, 3.7123000621795654, 3.7583999633789062, 3.790800094604492, 3.8189001083374023, 3.8432998657226562, 3.8643999099731445, 3.8820998668670654, 3.895400047302246, 3.9071998596191406, 3.9151999950408936, 3.924999952316284]}