{"test": [35.24, 35.25, 35.24, 35.26, 35.34, 35.46, 35.65, 36.0, 36.41, 36.93, 37.87, 38.84, 40.21, 42.34, 44.94, 47.45, 51.1, 55.03, 58.44, 62.12, 64.63, 66.2, 67.24, 67.95, 68.5, 68.72, 68.93, 69.12, 69.25, 69.27, 69.29, 69.34, 69.39, 69.42, 69.4, 69.38, 69.37, 69.38, 69.39], "val": [34.987049212990634, 34.99701135684399, 34.99701135684399, 34.99701135684399, 35.08667065152421, 35.18629209005778, 35.32576210400478, 35.65451285116557, 36.043036461446505, 36.63080294879458, 37.597130902570235, 38.70292887029289, 40.2370990237099, 42.15979278740785, 44.59055588762702, 47.71866905758119, 51.29507870093644, 55.180314803745766, 58.96592946802152, 62.313209802749554, 64.61446503287507, 66.13867304243874, 67.32416816098825, 68.33034469017733, 69.02769475991234, 69.22693763697947, 69.44610480175334, 69.44610480175334, 69.53576409643355, 69.62542339111377, 69.62542339111377, 69.63538553496713, 69.64534767882049, 69.65530982267384, 69.6652719665272, 69.67523411038056, 69.68519625423392, 69.70512054194063, 69.70512054194063], "flops": [1.0011999607086182, 1.0012999773025513, 1.0013999938964844, 1.0020999908447266, 1.004599928855896, 1.0090999603271484, 1.0176998376846313, 1.0299999713897705, 1.0478999614715576, 1.0729000568389893, 1.1109999418258667, 1.1535999774932861, 1.2160999774932861, 1.3058000802993774, 1.4287000894546509, 1.57479989528656, 1.7695000171661377, 1.9975000619888306, 2.2451000213623047, 2.4979000091552734, 2.7451000213623047, 2.9609999656677246, 3.1298999786376953, 3.289900064468384, 3.414400100708008, 3.5163002014160156, 3.601799964904785, 3.6647000312805176, 3.715399980545044, 3.7614998817443848, 3.7955000400543213, 3.82450008392334, 3.846400022506714, 3.865000009536743, 3.8828999996185303, 3.897199869155884, 3.908100128173828, 3.9170000553131104, 3.928100109100342]}