{"test": [42.98, 42.98, 42.98, 42.99, 43.02, 43.07, 43.22, 43.49, 43.87, 44.42, 45.29, 46.4, 47.77, 49.49, 51.54, 54.22, 56.89, 59.21, 62.03, 64.31, 66.28, 67.3, 68.23, 68.53, 68.93, 69.04, 69.13, 69.17, 69.12, 69.15, 69.16, 69.22, 69.22, 69.16, 69.16, 69.16, 69.14, 69.11, 69.12], "val": [41.97051205419406, 41.98047419804742, 41.97051205419406, 42.02032277346085, 42.05020920502092, 42.20960350667464, 42.40884638374178, 42.7077106993425, 43.06634787806336, 43.64415222155808, 44.48097230524009, 45.76608886232317, 47.389918310420406, 49.49193066347878, 51.73341303048416, 54.48296473401076, 57.2922893006575, 60.41044032675832, 63.08029487945806, 65.1922693763698, 66.89579597529388, 67.97170751145647, 68.33034469017733, 68.69894401275154, 68.83841402669854, 68.85833831440526, 68.92807332137876, 68.97788404064555, 68.94799760908548, 69.00777047220562, 69.04761904761905, 69.00777047220562, 68.94799760908548, 68.93803546523212, 68.97788404064555, 68.96792189679219, 68.99780832835226, 69.01773261605898, 69.01773261605898], "flops": [1.000599980354309, 1.000599980354309, 1.0008000135421753, 1.0013999938964844, 1.003100037574768, 1.007699966430664, 1.0157999992370605, 1.0280998945236206, 1.044899821281433, 1.0672000646591187, 1.0996999740600586, 1.1482999324798584, 1.209799885749817, 1.2947999238967896, 1.4133000373840332, 1.5689001083374023, 1.756500005722046, 1.9835000038146973, 2.234800100326538, 2.491499900817871, 2.7362000942230225, 2.956200122833252, 3.148900032043457, 3.308300018310547, 3.4351000785827637, 3.5317001342773438, 3.604599952697754, 3.670599937438965, 3.716099977493286, 3.754199981689453, 3.7845001220703125, 3.809299945831299, 3.8333001136779785, 3.8531999588012695, 3.874499797821045, 3.887700080871582, 3.9024999141693115, 3.914599895477295, 3.922299861907959]}