{"test": [41.38, 41.39, 41.39, 41.37, 41.38, 41.46, 41.64, 41.88, 42.3, 42.79, 43.5, 44.49, 45.96, 47.79, 50.14, 52.68, 55.47, 57.68, 60.47, 62.89, 64.52, 65.67, 66.15, 66.53, 66.75, 66.96, 67.19, 67.3, 67.24, 67.26, 67.27, 67.23, 67.24, 67.2, 67.2, 67.22, 67.24, 67.25, 67.25], "val": [41.52221558079299, 41.52221558079299, 41.55210201235306, 41.58198844391313, 41.65172345088663, 41.72145845786013, 41.88085275951385, 42.189679218967925, 42.687786411635784, 43.295477186690576, 44.21199442119944, 45.28790595736202, 46.622833233711894, 48.47579199043634, 50.87666865909544, 53.297469615461246, 55.78800557880056, 58.716875871687584, 61.42657899980076, 63.747758517632995, 65.31181510261008, 66.26818091253237, 66.87587168758716, 67.18469814704125, 67.42378959952181, 67.49352460649531, 67.57322175732217, 67.78242677824268, 67.76250249053597, 67.72265391512254, 67.71269177126918, 67.6828053397091, 67.70272962741582, 67.70272962741582, 67.67284319585575, 67.67284319585575, 67.67284319585575, 67.6828053397091, 67.69276748356246], "flops": [1.0, 1.0002999305725098, 1.0003999471664429, 1.001099944114685, 1.0027999877929688, 1.0049999952316284, 1.0118000507354736, 1.0219999551773071, 1.0408999919891357, 1.0684000253677368, 1.0981000661849976, 1.1470999717712402, 1.211300015449524, 1.3064000606536865, 1.428399920463562, 1.5667998790740967, 1.7669999599456787, 1.986299991607666, 2.2358999252319336, 2.4951000213623047, 2.7448999881744385, 2.958400011062622, 3.1422998905181885, 3.294300079345703, 3.415300130844116, 3.5204999446868896, 3.601900100708008, 3.6656999588012695, 3.7147998809814453, 3.7589001655578613, 3.79610013961792, 3.825399875640869, 3.852299928665161, 3.8732998371124268, 3.888199806213379, 3.8996999263763428, 3.9136998653411865, 3.9235999584198, 3.9321999549865723]}