{"test": [14.8, 14.8, 14.82, 14.83, 14.86, 14.96, 15.15, 15.55, 16.05, 16.72, 17.51, 18.93, 20.5, 22.84, 26.06, 30.0, 34.72, 40.27, 45.86, 51.22, 55.86, 58.89, 61.3, 63.05, 64.27, 64.98, 65.62, 66.02, 66.2, 66.44, 66.53, 66.59, 66.7, 66.8, 66.82, 66.81, 66.79, 66.82, 66.84], "val": [14.405260011954573, 14.41522215580793, 14.405260011954573, 14.435146443514645, 14.504881450488146, 14.63438932058179, 14.873480773062363, 15.232117951783223, 15.730225144451087, 16.507272365012952, 17.48356246264196, 19.087467623032477, 20.950388523610282, 23.271568041442517, 26.76828053397091, 30.77306236302052, 35.64455070731221, 40.94441123729827, 46.40366606893804, 51.67364016736402, 56.047021318987845, 59.444112372982666, 61.97449691173541, 63.46881848973899, 64.54473002590157, 65.32177724646344, 66.05897589161188, 66.51723450886631, 66.77625024905359, 66.83602311217373, 66.82606096832038, 66.85594739988045, 66.87587168758716, 66.90575811914724, 66.94560669456067, 66.93564455070731, 66.95556883841402, 66.96553098226738, 66.97549312612074], "flops": [1.0, 1.0, 1.0006999969482422, 1.0013999938964844, 1.0032000541687012, 1.006600022315979, 1.0121999979019165, 1.024399995803833, 1.041700005531311, 1.0671000480651855, 1.097000002861023, 1.145900011062622, 1.2042999267578125, 1.294100046157837, 1.4103001356124878, 1.562600016593933, 1.7569998502731323, 1.9864000082015991, 2.2385001182556152, 2.493499994277954, 2.7286999225616455, 2.9374001026153564, 3.1308999061584473, 3.2862000465393066, 3.414599895477295, 3.518199920654297, 3.6007001399993896, 3.6631999015808105, 3.718599796295166, 3.764899969100952, 3.7986998558044434, 3.82319974899292, 3.844599962234497, 3.8652000427246094, 3.8813998699188232, 3.895599842071533, 3.905400037765503, 3.916100025177002, 3.9243998527526855]}