{"test": [54.51, 54.52, 54.52, 54.54, 54.53, 54.63, 54.86, 55.12, 55.44, 55.86, 56.25, 56.9, 57.55, 58.61, 59.84, 61.41, 62.51, 63.47, 64.41, 64.78, 65.1, 65.14, 65.04, 65.1, 64.86, 64.79, 64.76, 64.66, 64.61, 64.6, 64.57, 64.55, 64.54, 64.53, 64.52, 64.52, 64.52, 64.51, 64.51], "val": [54.92129906355848, 54.92129906355848, 54.91133691970512, 54.95118549511855, 54.971109782825266, 55.00099621438534, 55.100617652918906, 55.32974696154613, 55.548914126319985, 55.88762701733413, 56.30603705917513, 56.853954971109786, 57.77047220561865, 58.72683801554094, 60.061765291890815, 61.64574616457462, 62.96074915321777, 64.026698545527, 64.74397290296872, 64.98306435544929, 65.27196652719665, 65.11257222554293, 64.90336720462244, 64.76389719067544, 64.6543136082885, 64.584578601315, 64.445108587368, 64.43514644351464, 64.39529786810121, 64.38533572424785, 64.38533572424785, 64.38533572424785, 64.38533572424785, 64.3753735803945, 64.3753735803945, 64.35544929268778, 64.35544929268778, 64.35544929268778, 64.35544929268778], "flops": [1.0, 1.0002000331878662, 1.0003000497817993, 1.0012999773025513, 1.0037000179290771, 1.007599949836731, 1.0160000324249268, 1.0257999897003174, 1.043199896812439, 1.0667999982833862, 1.1000999212265015, 1.1445999145507812, 1.2049999237060547, 1.2919000387191772, 1.4070000648498535, 1.5658999681472778, 1.7653999328613281, 1.9879000186920166, 2.2462000846862793, 2.493499994277954, 2.7319998741149902, 2.949699878692627, 3.1362998485565186, 3.300600051879883, 3.4174001216888428, 3.518899917602539, 3.5994999408721924, 3.667999744415283, 3.714099884033203, 3.757500171661377, 3.794600009918213, 3.8213000297546387, 3.847400188446045, 3.8635997772216797, 3.881200075149536, 3.8947999477386475, 3.907399892807007, 3.9166998863220215, 3.925100088119507]}