{"test": [53.54, 53.55, 53.55, 53.57, 53.61, 53.67, 53.8, 54.02, 54.32, 54.71, 55.31, 56.09, 56.96, 58.25, 59.38, 61.16, 62.53, 63.4, 64.42, 64.77, 64.87, 64.87, 64.77, 64.83, 64.72, 64.52, 64.44, 64.29, 64.26, 64.21, 64.18, 64.15, 64.14, 64.12, 64.11, 64.1, 64.1, 64.1, 64.09], "val": [53.11815102610082, 53.11815102610082, 53.128113169954176, 53.14803745766089, 53.17792388922096, 53.24765889619446, 53.32735604702132, 53.546523211795176, 53.75572823271568, 54.25383542538354, 54.81171548117155, 55.61864913329349, 56.68459852560271, 57.62104004781829, 58.89619446104802, 60.41044032675832, 61.58597330145447, 62.94082486551106, 63.747758517632995, 64.026698545527, 64.29567642956765, 64.166168559474, 63.80753138075314, 63.80753138075314, 63.707909942219565, 63.498704921299066, 63.44889420203228, 63.339310619645346, 63.28949990037856, 63.23968918111178, 63.22972703725842, 63.209802749551706, 63.18987846184499, 63.17991631799163, 63.17991631799163, 63.18987846184499, 63.17991631799163, 63.18987846184499, 63.17991631799163], "flops": [1.000599980354309, 1.0003999471664429, 1.0006999969482422, 1.0018000602722168, 1.0032999515533447, 1.0084999799728394, 1.015299916267395, 1.0254000425338745, 1.0413999557495117, 1.0642000436782837, 1.0997999906539917, 1.1482000350952148, 1.213499903678894, 1.3026999235153198, 1.415600061416626, 1.5670000314712524, 1.7597999572753906, 1.9876999855041504, 2.224599838256836, 2.4823999404907227, 2.7237000465393066, 2.9421000480651855, 3.1370999813079834, 3.2891998291015625, 3.4102001190185547, 3.5208001136779785, 3.599900007247925, 3.664400100708008, 3.7144999504089355, 3.7581000328063965, 3.7918999195098877, 3.8213999271392822, 3.8467001914978027, 3.865499973297119, 3.881500005722046, 3.8945999145507812, 3.906599998474121, 3.91729998588562, 3.9260001182556152]}