{"test": [54.61, 54.61, 54.62, 54.63, 54.64, 54.7, 54.8, 54.92, 55.04, 55.24, 55.7, 56.29, 56.8, 57.62, 58.72, 59.92, 60.76, 62.07, 63.22, 63.93, 64.53, 64.94, 65.03, 65.12, 65.16, 65.14, 65.1, 65.17, 65.18, 65.17, 65.19, 65.22, 65.2, 65.2, 65.19, 65.2, 65.2, 65.2, 65.2], "val": [54.48296473401076, 54.48296473401076, 54.492926877864114, 54.52281330942419, 54.532775453277544, 54.60251046025105, 54.70213189878462, 54.83163976887826, 55.04084478979876, 55.44929268778641, 55.967324168160985, 56.495317792388924, 57.25244072524407, 58.02948794580594, 59.18509663279538, 60.20123530583782, 61.52620043833433, 62.61207411835027, 63.46881848973899, 64.08647140864714, 64.54473002590157, 64.724048615262, 64.79378362223551, 64.8435943415023, 64.88344291691573, 64.92329149232916, 64.89340506076908, 64.93325363618251, 64.92329149232916, 64.85355648535565, 64.83363219764894, 64.8435943415023, 64.81370790994222, 64.81370790994222, 64.81370790994222, 64.79378362223551, 64.79378362223551, 64.79378362223551, 64.78382147838215], "flops": [1.0002999305725098, 1.000100016593933, 1.0019999742507935, 1.0029000043869019, 1.0037999153137207, 1.0082999467849731, 1.0148999691009521, 1.0256999731063843, 1.0387001037597656, 1.0638998746871948, 1.0988000631332397, 1.1389001607894897, 1.1992000341415405, 1.2797999382019043, 1.4020999670028687, 1.5527000427246094, 1.7441999912261963, 1.9837000370025635, 2.2342000007629395, 2.496799945831299, 2.7361998558044434, 2.9595999717712402, 3.1370999813079834, 3.286900043487549, 3.4203999042510986, 3.5219998359680176, 3.5988998413085938, 3.663400173187256, 3.71589994430542, 3.75570011138916, 3.790800094604492, 3.821199893951416, 3.8447999954223633, 3.8641998767852783, 3.8826000690460205, 3.897200107574463, 3.907099962234497, 3.916800022125244, 3.924499988555908]}