{"test": [53.98, 53.99, 53.99, 54.06, 54.11, 54.16, 54.34, 54.48, 54.64, 54.97, 55.4, 56.09, 56.92, 57.69, 58.88, 60.18, 61.69, 63.14, 64.05, 64.09, 64.13, 64.07, 63.92, 63.77, 63.64, 63.63, 63.62, 63.59, 63.58, 63.6, 63.57, 63.52, 63.52, 63.51, 63.52, 63.52, 63.53, 63.53, 63.54], "val": [53.59633393106196, 53.59633393106196, 53.586371787208606, 53.64614465032875, 53.68599322574218, 53.73580394500897, 53.85534967124925, 54.14425184299661, 54.37338115162383, 54.741980474198044, 55.180314803745766, 55.877664873480775, 56.71448495716278, 57.82028292488543, 58.906156604901376, 60.50009962143854, 61.66567045228133, 62.920900577804346, 63.827455668459855, 64.0964335525005, 64.12631998406057, 63.93703925084678, 63.538553496712495, 63.249651324965136, 63.060370591751344, 62.94082486551106, 62.851165570830844, 62.930862721657704, 62.920900577804346, 62.891014146244274, 62.891014146244274, 62.841203426977486, 62.82127913927077, 62.811316995417414, 62.83124128312413, 62.83124128312413, 62.83124128312413, 62.83124128312413, 62.83124128312413], "flops": [1.0, 1.000599980354309, 1.0011000633239746, 1.0024000406265259, 1.0048999786376953, 1.0088000297546387, 1.0141000747680664, 1.0238999128341675, 1.0452001094818115, 1.0670000314712524, 1.101199984550476, 1.1464999914169312, 1.2042999267578125, 1.2890000343322754, 1.4073998928070068, 1.55649995803833, 1.742799997329712, 1.9804999828338623, 2.237800121307373, 2.487100124359131, 2.7367000579833984, 2.9560999870300293, 3.1361000537872314, 3.2925000190734863, 3.4119999408721924, 3.521399974822998, 3.603400230407715, 3.6659998893737793, 3.721100091934204, 3.757899761199951, 3.7894999980926514, 3.8165998458862305, 3.84089994430542, 3.860499858856201, 3.876499891281128, 3.888199806213379, 3.9024999141693115, 3.914600133895874, 3.925299882888794]}