{"test": [48.68, 48.68, 48.69, 48.7, 48.74, 48.76, 48.83, 49.0, 49.27, 49.57, 50.15, 51.05, 52.17, 53.15, 54.6, 56.18, 58.2, 59.78, 61.21, 62.16, 62.58, 62.57, 62.56, 62.72, 62.58, 62.62, 62.62, 62.54, 62.54, 62.52, 62.5, 62.54, 62.54, 62.53, 62.53, 62.53, 62.53, 62.53, 62.53], "val": [48.85435345686392, 48.85435345686392, 48.85435345686392, 48.85435345686392, 48.85435345686392, 48.95397489539749, 49.02370990237099, 49.232914923291496, 49.5118549511855, 50.0, 50.62761506276151, 51.46443514644351, 52.37099023709902, 53.46682606096832, 54.91133691970512, 56.7344092448695, 58.30842797369994, 59.47399880454274, 60.231121737397885, 61.05797967722654, 60.998206814106396, 61.54612472604104, 61.615859733014545, 61.29707112970711, 61.29707112970711, 61.39669256824069, 61.2771468420004, 61.25722255429368, 61.23729826658697, 61.22733612273361, 61.22733612273361, 61.22733612273361, 61.19744969117354, 61.18748754732018, 61.18748754732018, 61.18748754732018, 61.18748754732018, 61.18748754732018, 61.18748754732018], "flops": [1.0002999305725098, 1.000599980354309, 1.000599980354309, 1.0015000104904175, 1.0033999681472778, 1.0069000720977783, 1.0124999284744263, 1.0233999490737915, 1.0364998579025269, 1.059999942779541, 1.093500018119812, 1.142300009727478, 1.2148998975753784, 1.30430006980896, 1.4215999841690063, 1.5740998983383179, 1.7578999996185303, 1.9688999652862549, 2.2126998901367188, 2.48799991607666, 2.7200002670288086, 2.9351000785827637, 3.1402997970581055, 3.3030998706817627, 3.423799991607666, 3.516400098800659, 3.5964999198913574, 3.6619999408721924, 3.7138001918792725, 3.7548999786376953, 3.7899999618530273, 3.8201000690460205, 3.842599868774414, 3.8636999130249023, 3.8864998817443848, 3.9033000469207764, 3.914299964904785, 3.92330002784729, 3.9298999309539795]}