{"test": [51.95, 51.95, 51.94, 51.96, 51.97, 52.02, 52.16, 52.29, 52.57, 52.93, 53.46, 54.46, 55.35, 56.18, 57.18, 58.72, 60.21, 61.29, 62.19, 62.98, 63.08, 63.17, 63.5, 63.49, 63.51, 63.34, 63.22, 63.2, 63.08, 63.07, 63.07, 63.08, 63.09, 63.09, 63.08, 63.07, 63.06, 63.06, 63.06], "val": [50.956365809922296, 50.956365809922296, 50.966327953775654, 50.98625224148237, 51.085873680015936, 51.135684399282724, 51.27515441322973, 51.5142458657103, 51.81311018131102, 52.2614066547121, 52.86909742976689, 53.48675034867504, 54.572624028690974, 55.51902769475991, 56.873879258816494, 57.94979079497908, 59.25483163976888, 60.789001793185896, 62.01434548714884, 62.771468420003984, 63.31938633193863, 63.339310619645346, 63.588364215979276, 63.52859135285914, 63.55847778441921, 63.538553496712495, 63.498704921299066, 63.44889420203228, 63.40904562661885, 63.39908348276549, 63.39908348276549, 63.39908348276549, 63.38912133891213, 63.38912133891213, 63.39908348276549, 63.39908348276549, 63.38912133891213, 63.38912133891213, 63.38912133891213], "flops": [1.0009000301361084, 1.0011999607086182, 1.0017000436782837, 1.0017999410629272, 1.0037999153137207, 1.0087000131607056, 1.0149999856948853, 1.0259000062942505, 1.0435000658035278, 1.0668998956680298, 1.103100061416626, 1.160499930381775, 1.2191998958587646, 1.3085999488830566, 1.4226001501083374, 1.5720000267028809, 1.772800087928772, 1.9966000318527222, 2.246000051498413, 2.5072999000549316, 2.751999855041504, 2.9697999954223633, 3.15120005607605, 3.3134000301361084, 3.4384000301361084, 3.535400152206421, 3.6118998527526855, 3.6743998527526855, 3.7254998683929443, 3.7635998725891113, 3.7954001426696777, 3.8234000205993652, 3.8483002185821533, 3.8682000637054443, 3.8842999935150146, 3.899600028991699, 3.913400173187256, 3.9223999977111816, 3.9312000274658203]}