{"test": [41.94, 41.94, 41.94, 41.98, 42.02, 42.09, 42.2, 42.43, 42.7, 43.25, 43.87, 44.6, 45.58, 46.85, 48.58, 50.57, 52.45, 54.63, 56.4, 57.5, 58.67, 59.28, 59.67, 59.69, 59.88, 60.01, 60.19, 60.26, 60.29, 60.24, 60.25, 60.24, 60.26, 60.25, 60.24, 60.23, 60.22, 60.21, 60.21], "val": [41.492329149232916, 41.50229129308627, 41.52221558079299, 41.55210201235306, 41.56206415620642, 41.65172345088663, 41.84100418410042, 42.11994421199442, 42.40884638374178, 42.896991432556284, 43.504682207611076, 44.38135086670651, 45.48714883442917, 47.09105399481969, 48.625224148236704, 50.62761506276151, 52.59015740187289, 54.931261207411836, 56.853954971109786, 58.009563658099225, 59.13528591352859, 59.79278740785017, 60.46025104602511, 60.81888822474597, 60.789001793185896, 60.848774656306034, 60.82885036859932, 60.81888822474597, 60.80892608089261, 60.74915321777247, 60.76907750547918, 60.77903964933254, 60.77903964933254, 60.789001793185896, 60.789001793185896, 60.789001793185896, 60.789001793185896, 60.789001793185896, 60.789001793185896], "flops": [1.0002999305725098, 1.000100016593933, 1.0009000301361084, 1.0041999816894531, 1.0065999031066895, 1.0087999105453491, 1.014299988746643, 1.0232999324798584, 1.0400999784469604, 1.0643000602722168, 1.101099967956543, 1.1435999870300293, 1.2080999612808228, 1.2938001155853271, 1.4119999408721924, 1.5631000995635986, 1.7613999843597412, 1.9953999519348145, 2.238499879837036, 2.5082998275756836, 2.7486000061035156, 2.960599899291992, 3.1451001167297363, 3.2939999103546143, 3.4110000133514404, 3.507500171661377, 3.5866000652313232, 3.659600019454956, 3.7065999507904053, 3.752000093460083, 3.7871999740600586, 3.8143999576568604, 3.8398001194000244, 3.859100103378296, 3.8752999305725098, 3.88919997215271, 3.9005000591278076, 3.912400007247925, 3.922300100326538]}