{"test": [86.13629379225569, 86.13629379225569, 86.15165949600491, 86.16702519975415, 86.23232944068839, 86.34373079287032, 86.5742163491088, 86.93146896127843, 87.27335586969883, 87.82267977873387, 88.30285802089736, 88.77151198524892, 89.03272894898586, 89.15181315304241, 89.1979102642901, 89.26705593116165, 89.23632452366319, 89.25169022741241, 89.2478488014751, 89.2440073755378, 89.2478488014751, 89.2440073755378, 89.2440073755378, 89.2440073755378, 89.2440073755378, 89.2440073755378, 89.2440073755378, 89.2440073755378, 89.2440073755378, 89.2440073755378, 89.2440073755378, 89.2440073755378, 89.2440073755378, 89.2440073755378, 89.2440073755378, 89.2440073755378, 89.2440073755378, 89.2440073755378, 89.2440073755378], "val": [92.41495108775004, 92.41495108775004, 92.41495108775004, 92.43685209519639, 92.47335377427362, 92.54635713242808, 92.6704628412907, 92.91137392320047, 93.23258869908015, 93.63410716892977, 94.05752664622572, 94.2838370565046, 94.53934881004527, 94.7437582128778, 94.75835888450868, 94.75835888450868, 94.68535552635421, 94.68535552635421, 94.67805519053877, 94.67805519053877, 94.67805519053877, 94.67805519053877, 94.67805519053877, 94.67805519053877, 94.67805519053877, 94.67805519053877, 94.67805519053877, 94.67805519053877, 94.67805519053877, 94.67805519053877, 94.67805519053877, 94.67805519053877, 94.67805519053877, 94.67805519053877, 94.67805519053877, 94.67805519053877, 94.67805519053877, 94.67805519053877, 94.67805519053877], "flops": [1.0002304315567017, 1.0000767707824707, 1.0009219646453857, 1.0017671585083008, 1.0056084394454956, 1.0122541189193726, 1.0220497846603394, 1.0400660037994385, 1.0642286539077759, 1.0999155044555664, 1.149239420890808, 1.2199984788894653, 1.3077750205993652, 1.4297401905059814, 1.5861248970031738, 1.775660753250122, 1.9711893796920776, 2.1959125995635986, 2.438153028488159, 2.688998222351074, 2.932313919067383, 3.132721185684204, 3.285341262817383, 3.410379409790039, 3.5103719234466553, 3.593961238861084, 3.661109447479248, 3.708743095397949, 3.758450984954834, 3.7979025840759277, 3.8265979290008545, 3.8501458168029785, 3.8667025566101074, 3.882413864135742, 3.8989322185516357, 3.9111862182617188, 3.922595262527466, 3.929471254348755, 3.936846971511841]}