{"test": [86.25537799631223, 86.25537799631223, 86.26306084818685, 86.30147510755992, 86.33988936693301, 86.45513214505225, 86.66641057160417, 86.90457897971727, 87.13506453595575, 87.56530424093424, 87.8418869084204, 88.2298709280885, 88.65242778119237, 88.97510755992624, 89.10955746773202, 89.2401659496005, 89.32467732022127, 89.31699446834665, 89.28626306084819, 89.28242163491088, 89.28242163491088, 89.28626306084819, 89.28626306084819, 89.28626306084819, 89.28626306084819, 89.28626306084819, 89.28626306084819, 89.28626306084819, 89.28626306084819, 89.28626306084819, 89.28626306084819, 89.28626306084819, 89.28626306084819, 89.28626306084819, 89.28626306084819, 89.28626306084819, 89.28626306084819, 89.28626306084819, 89.28626306084819], "val": [92.6704628412907, 92.67776317710614, 92.6704628412907, 92.70696452036793, 92.72156519199883, 92.77996787852241, 92.88217257993868, 93.05738063950942, 93.2544897065265, 93.50270112425171, 93.84581690757774, 94.13783034019565, 94.44444444444444, 94.59775149656885, 94.72185720543145, 94.67075485472331, 94.59045116075339, 94.52474813841437, 94.51744780259892, 94.52474813841437, 94.52474813841437, 94.51744780259892, 94.51744780259892, 94.51744780259892, 94.51744780259892, 94.51744780259892, 94.51744780259892, 94.51744780259892, 94.51744780259892, 94.51744780259892, 94.51744780259892, 94.51744780259892, 94.51744780259892, 94.51744780259892, 94.51744780259892, 94.51744780259892, 94.51744780259892, 94.51744780259892, 94.51744780259892], "flops": [1.0001152753829956, 1.000153660774231, 1.000307321548462, 1.0016902685165405, 1.0037261247634888, 1.008067011833191, 1.0178242921829224, 1.032728910446167, 1.055431842803955, 1.0878150463104248, 1.1310310363769531, 1.2052857875823975, 1.3071221113204956, 1.43031644821167, 1.595075249671936, 1.7889519929885864, 2.017939567565918, 2.273240566253662, 2.5313076972961426, 2.7767748832702637, 2.985748291015625, 3.1637983322143555, 3.3050858974456787, 3.437615156173706, 3.5366854667663574, 3.6217732429504395, 3.68822979927063, 3.7416257858276367, 3.7876460552215576, 3.8201446533203125, 3.8485708236694336, 3.868238925933838, 3.8876383304595947, 3.9039642810821533, 3.9148740768432617, 3.924708127975464, 3.9338889122009277, 3.9418792724609375, 3.9475646018981934]}