{"test": [85.7521511985249, 85.74830977258759, 85.7521511985249, 85.78288260602335, 85.85971112476952, 85.94422249539029, 86.15165949600491, 86.4320835894284, 86.8200676090965, 87.26567301782421, 87.6920712968654, 88.21834665027659, 88.62169637369392, 88.98279041180086, 89.14413030116779, 89.2901044867855, 89.33236017209589, 89.37845728334358, 89.38229870928089, 89.3938229870928, 89.3938229870928, 89.3938229870928, 89.3938229870928, 89.39766441303011, 89.39766441303011, 89.39766441303011, 89.39766441303011, 89.39766441303011, 89.39766441303011, 89.39766441303011, 89.39766441303011, 89.39766441303011, 89.39766441303011, 89.39766441303011, 89.39766441303011, 89.39766441303011, 89.39766441303011, 89.39766441303011, 89.39766441303011], "val": [91.94042925974595, 91.9477295955614, 91.95502993137684, 91.98423127463863, 92.02803328953132, 92.11563731931669, 92.23244269236385, 92.43685209519639, 92.76536720689151, 93.06468097532486, 93.49540078843627, 94.02102496714849, 94.37874142210542, 94.67805519053877, 94.86056358592495, 94.8386625784786, 94.86056358592495, 94.86056358592495, 94.8678639217404, 94.8678639217404, 94.8678639217404, 94.8678639217404, 94.8678639217404, 94.8678639217404, 94.8678639217404, 94.8678639217404, 94.8678639217404, 94.8678639217404, 94.8678639217404, 94.8678639217404, 94.8678639217404, 94.8678639217404, 94.8678639217404, 94.8678639217404, 94.8678639217404, 94.8678639217404, 94.8678639217404, 94.8678639217404, 94.8678639217404], "flops": [1.0009219646453857, 1.0006146430969238, 1.0006530284881592, 1.0016133785247803, 1.0040334463119507, 1.007759690284729, 1.0159035921096802, 1.029924750328064, 1.053318977355957, 1.0871620178222656, 1.12895667552948, 1.198102355003357, 1.2869929075241089, 1.4160648584365845, 1.585932731628418, 1.7841885089874268, 2.0084896087646484, 2.2567224502563477, 2.521012783050537, 2.781999111175537, 3.004417657852173, 3.1959896087646484, 3.3496084213256836, 3.469729423522949, 3.565765142440796, 3.644514322280884, 3.70324969291687, 3.7512292861938477, 3.7871081829071045, 3.8186848163604736, 3.8424246311187744, 3.8642823696136475, 3.881530523300171, 3.89559006690979, 3.90826678276062, 3.9190995693206787, 3.927781343460083, 3.9343502521514893, 3.942340135574341]}