{"test": [86.23617086662568, 86.23232944068839, 86.23232944068839, 86.25153657037492, 86.2937922556853, 86.34757221880763, 86.49354640442532, 86.61647203441917, 86.82775046097112, 87.0659188690842, 87.34634296250768, 87.61908420405655, 87.87261831591887, 88.03011677934849, 88.14535955746773, 88.24139520590043, 88.2759680393362, 88.31822372464659, 88.3220651505839, 88.31822372464659, 88.31822372464659, 88.31822372464659, 88.31822372464659, 88.31822372464659, 88.31822372464659, 88.31822372464659, 88.31822372464659, 88.31822372464659, 88.31822372464659, 88.31822372464659, 88.31822372464659, 88.31822372464659, 88.31822372464659, 88.31822372464659, 88.31822372464659, 88.31822372464659, 88.31822372464659, 88.31822372464659, 88.31822372464659], "val": [92.64856183384435, 92.64856183384435, 92.6558621696598, 92.66316250547526, 92.72156519199883, 92.7945685501533, 92.87487224412322, 92.98437728135494, 93.12308366184844, 93.43699810191269, 93.52460213169806, 93.72171119871514, 93.93342093736312, 94.10862899693386, 94.20353336253467, 94.19623302671923, 94.23273470579646, 94.2984377281355, 94.31303839976638, 94.2984377281355, 94.29113739232005, 94.2838370565046, 94.2838370565046, 94.2838370565046, 94.2838370565046, 94.2838370565046, 94.2838370565046, 94.2838370565046, 94.2838370565046, 94.2838370565046, 94.2838370565046, 94.2838370565046, 94.2838370565046, 94.2838370565046, 94.2838370565046, 94.2838370565046, 94.2838370565046, 94.2838370565046, 94.2838370565046], "flops": [1.0003457069396973, 1.0001920461654663, 1.0004225969314575, 1.0010756254196167, 1.0027657747268677, 1.0069913864135742, 1.015519380569458, 1.0286569595336914, 1.0498616695404053, 1.079594373703003, 1.1298402547836304, 1.1922633647918701, 1.2786954641342163, 1.3962432146072388, 1.55854332447052, 1.7609095573425293, 2.00072979927063, 2.281883716583252, 2.5531270503997803, 2.825253486633301, 3.0711047649383545, 3.2759294509887695, 3.441418170928955, 3.5607714653015137, 3.6534650325775146, 3.7238781452178955, 3.777543067932129, 3.818300724029541, 3.8538336753845215, 3.87976336479187, 3.8998923301696777, 3.915334939956665, 3.928011655807495, 3.93992018699646, 3.948793888092041, 3.9555163383483887, 3.9614322185516357, 3.966118812561035, 3.9693455696105957]}