{"test": [83.03626306084819, 83.0401044867855, 83.0401044867855, 83.06699446834665, 83.16303011677935, 83.2859557467732, 83.55485556238476, 83.89290104486786, 84.19253226797787, 84.71112476951444, 85.37953288260603, 86.19775660725261, 86.93146896127843, 87.70743700061463, 88.38736939151813, 88.79840196681008, 89.0480946527351, 89.10187461585741, 89.13260602335588, 89.13644744929317, 89.13644744929317, 89.14028887523048, 89.14028887523048, 89.14028887523048, 89.14028887523048, 89.14028887523048, 89.14028887523048, 89.14028887523048, 89.14028887523048, 89.14028887523048, 89.14028887523048, 89.14028887523048, 89.14028887523048, 89.14028887523048, 89.14028887523048, 89.14028887523048, 89.14028887523048, 89.14028887523048, 89.14028887523048], "val": [89.08599795590597, 89.08599795590597, 89.10059862753687, 89.151700978245, 89.22470433639947, 89.3196087020003, 89.51671776901738, 89.72842750766536, 90.01314060446781, 90.51686377573368, 91.10089064096948, 91.85282522996057, 92.61936049058257, 93.28369104978829, 93.74361220616149, 94.159731347642, 94.34223974302817, 94.437144108629, 94.44444444444444, 94.45174478025989, 94.45904511607534, 94.45904511607534, 94.45904511607534, 94.45904511607534, 94.45904511607534, 94.45904511607534, 94.45904511607534, 94.45904511607534, 94.45904511607534, 94.45904511607534, 94.45904511607534, 94.45904511607534, 94.45904511607534, 94.45904511607534, 94.45904511607534, 94.45904511607534, 94.45904511607534, 94.45904511607534, 94.45904511607534], "flops": [1.0001152753829956, 1.0002304315567017, 1.0005377531051636, 1.0015366077423096, 1.005070686340332, 1.010448694229126, 1.0213583707809448, 1.039067268371582, 1.0598111152648926, 1.0904655456542969, 1.1351028680801392, 1.1989089250564575, 1.2873769998550415, 1.403810739517212, 1.5646895170211792, 1.762023687362671, 1.9842500686645508, 2.233750820159912, 2.4974260330200195, 2.74934720993042, 2.974224090576172, 3.1712889671325684, 3.3351259231567383, 3.4688076972961426, 3.577404737472534, 3.6590352058410645, 3.7212276458740234, 3.77066707611084, 3.809542179107666, 3.841425895690918, 3.8677780628204346, 3.8886754512786865, 3.904540538787842, 3.9172940254211426, 3.9270129203796387, 3.935195207595825, 3.9418790340423584, 3.9473724365234375, 3.9520974159240723]}