{"test": [85.85586969883221, 85.8520282728949, 85.86355255070683, 85.90964966195452, 85.96342962507683, 86.0978795328826, 86.28995082974801, 86.4820221266134, 86.82775046097112, 87.27719729563614, 87.70743700061463, 88.16840811309157, 88.59864781807006, 88.9021204671174, 89.15565457897972, 89.23632452366319, 89.26321450522434, 89.27473878303627, 89.27089735709896, 89.27858020897357, 89.28242163491088, 89.28626306084819, 89.28626306084819, 89.28626306084819, 89.28626306084819, 89.28626306084819, 89.28626306084819, 89.28626306084819, 89.28626306084819, 89.28626306084819, 89.28626306084819, 89.28626306084819, 89.28626306084819, 89.28626306084819, 89.28626306084819, 89.28626306084819, 89.28626306084819, 89.28626306084819, 89.28626306084819], "val": [92.56095780405899, 92.56095780405899, 92.57555847568989, 92.56825813987443, 92.61936049058257, 92.70696452036793, 92.8091692217842, 93.03547963206307, 93.23258869908015, 93.62680683311433, 93.93342093736312, 94.20353336253467, 94.34954007884363, 94.48824645933713, 94.73645787706235, 94.75835888450868, 94.80946123521682, 94.83136224266316, 94.82406190684772, 94.8386625784786, 94.83136224266316, 94.83136224266316, 94.82406190684772, 94.82406190684772, 94.82406190684772, 94.82406190684772, 94.82406190684772, 94.82406190684772, 94.82406190684772, 94.82406190684772, 94.82406190684772, 94.82406190684772, 94.82406190684772, 94.82406190684772, 94.82406190684772, 94.82406190684772, 94.82406190684772, 94.82406190684772, 94.82406190684772], "flops": [1.0, 1.0001152753829956, 1.0004609823226929, 1.0021512508392334, 1.0042256116867065, 1.008873701095581, 1.018899917602539, 1.0356484651565552, 1.0606178045272827, 1.0974953174591064, 1.1449755430221558, 1.2100876569747925, 1.3011678457260132, 1.4255532026290894, 1.5947294235229492, 1.7989782094955444, 2.0406036376953125, 2.291064739227295, 2.5543179512023926, 2.7960586547851562, 3.008028507232666, 3.1914567947387695, 3.3506836891174316, 3.4678473472595215, 3.5629611015319824, 3.6404426097869873, 3.699024200439453, 3.7410879135131836, 3.7758913040161133, 3.803549289703369, 3.8317840099334717, 3.853142261505127, 3.870889663696289, 3.886831760406494, 3.89801025390625, 3.9090349674224854, 3.919022798538208, 3.9285879135131836, 3.9354639053344727]}