{"test": [86.47049784880147, 86.47818070067609, 86.4820221266134, 86.49354640442532, 86.5319606637984, 86.60494775660726, 86.74323909035034, 86.95067609096496, 87.19652735095268, 87.61908420405655, 88.01090964966195, 88.39889366933005, 88.77151198524892, 88.96742470805162, 89.02504609711124, 89.10571604179471, 89.08650891210817, 89.04425322679779, 89.05577750460971, 89.05577750460971, 89.05577750460971, 89.05577750460971, 89.05577750460971, 89.05577750460971, 89.05577750460971, 89.05577750460971, 89.05577750460971, 89.05577750460971, 89.05577750460971, 89.05577750460971, 89.05577750460971, 89.05577750460971, 89.05577750460971, 89.05577750460971, 89.05577750460971, 89.05577750460971, 89.05577750460971, 89.05577750460971, 89.05577750460971], "val": [92.83107022923055, 92.83837056504599, 92.86027157249234, 92.88947291575413, 92.9332749306468, 92.98437728135494, 93.05738063950942, 93.18878668418748, 93.33479340049642, 93.52460213169806, 93.95532194480946, 94.159731347642, 94.38604175792086, 94.56855015330706, 94.54664914586071, 94.51744780259892, 94.52474813841437, 94.51744780259892, 94.53204847422981, 94.53204847422981, 94.53204847422981, 94.53204847422981, 94.53204847422981, 94.53204847422981, 94.53204847422981, 94.53204847422981, 94.53204847422981, 94.53204847422981, 94.53204847422981, 94.53204847422981, 94.53204847422981, 94.53204847422981, 94.53204847422981, 94.53204847422981, 94.53204847422981, 94.53204847422981, 94.53204847422981, 94.53204847422981, 94.53204847422981], "flops": [1.0005762577056885, 1.0003840923309326, 1.0006146430969238, 1.0013829469680786, 1.0028810501098633, 1.007759690284729, 1.0166717767715454, 1.0345343351364136, 1.0603872537612915, 1.0973032712936401, 1.1477797031402588, 1.2153886556625366, 1.307275652885437, 1.431046485900879, 1.5855870246887207, 1.7757375240325928, 1.9857099056243896, 2.2339043617248535, 2.499692678451538, 2.740050792694092, 2.9641594886779785, 3.1632604598999023, 3.3198370933532715, 3.4496772289276123, 3.550860643386841, 3.6307621002197266, 3.690688371658325, 3.74135684967041, 3.7826521396636963, 3.816725492477417, 3.8430392742156982, 3.8660879135131836, 3.883143663406372, 3.9001612663269043, 3.913222074508667, 3.924285650253296, 3.934234857559204, 3.941303014755249, 3.947526216506958]}