{"test": [86.75092194222495, 86.75092194222495, 86.76244622003688, 86.78933620159803, 86.83159188690843, 86.91226183159189, 86.99677320221267, 87.14274738783037, 87.36555009219423, 87.60371850030731, 87.8879840196681, 88.13383527965581, 88.2298709280885, 88.26060233558697, 88.33743085433314, 88.27980946527352, 88.21834665027659, 88.20682237246466, 88.19913952059004, 88.19913952059004, 88.19529809465274, 88.19913952059004, 88.19913952059004, 88.19913952059004, 88.19913952059004, 88.19913952059004, 88.19913952059004, 88.19913952059004, 88.19913952059004, 88.19913952059004, 88.19913952059004, 88.19913952059004, 88.19913952059004, 88.19913952059004, 88.19913952059004, 88.19913952059004, 88.19913952059004, 88.19913952059004, 88.19913952059004], "val": [92.42955175938093, 92.43685209519639, 92.44415243101183, 92.45875310264272, 92.50255511753541, 92.5317564607972, 92.64126149802891, 92.8091692217842, 92.91867425901592, 93.04277996787852, 93.27639071397284, 93.43699810191269, 93.59760548985253, 93.61220616148343, 93.5611038107753, 93.52460213169806, 93.56840414659074, 93.5757044824062, 93.5757044824062, 93.58300481822164, 93.58300481822164, 93.58300481822164, 93.58300481822164, 93.58300481822164, 93.58300481822164, 93.58300481822164, 93.58300481822164, 93.58300481822164, 93.58300481822164, 93.58300481822164, 93.58300481822164, 93.58300481822164, 93.58300481822164, 93.58300481822164, 93.58300481822164, 93.58300481822164, 93.58300481822164, 93.58300481822164, 93.58300481822164], "flops": [1.0, 1.0001152753829956, 1.0008450746536255, 1.0023049116134644, 1.0048017501831055, 1.0111401081085205, 1.0220882892608643, 1.036263108253479, 1.0565457344055176, 1.0871235132217407, 1.1307235956192017, 1.1926090717315674, 1.2780424356460571, 1.3945913314819336, 1.5410264730453491, 1.7342500686645508, 1.9567071199417114, 2.2125461101531982, 2.4749538898468018, 2.7276811599731445, 2.955900192260742, 3.14486026763916, 3.309004306793213, 3.4307007789611816, 3.542332649230957, 3.6224260330200195, 3.6883835792541504, 3.7397048473358154, 3.7813076972961426, 3.8172249794006348, 3.840772867202759, 3.8627843856811523, 3.8829517364501953, 3.8988168239593506, 3.9102258682250977, 3.9194068908691406, 3.927781105041504, 3.9360404014587402, 3.94226336479187]}