{"test": [53.47, 53.48, 53.46, 53.47, 53.59, 53.7, 53.79, 53.95, 54.35, 54.9, 55.78, 56.56, 57.62, 58.97, 60.71, 62.49, 64.47, 65.96, 67.69, 68.73, 69.36, 69.47, 69.6, 69.52, 69.53, 69.66, 69.61, 69.61, 69.53, 69.53, 69.54, 69.54, 69.54, 69.53, 69.53, 69.53, 69.53, 69.53, 69.53], "val": [53.217772464634386, 53.227734608487744, 53.24765889619446, 53.24765889619446, 53.3074317593146, 53.40705319784818, 53.57640964335525, 53.745766088862325, 54.01474397290297, 54.5427375971309, 55.150428372185694, 55.97728631201434, 57.222554293684, 58.427973699940225, 60.20123530583782, 61.745367603108186, 63.68798565451285, 65.34170153417016, 66.87587168758716, 67.78242677824268, 68.42000398485754, 69.06754333532577, 69.2667862123929, 69.38633193863319, 69.35644550707312, 69.34648336321976, 69.41621837019326, 69.38633193863319, 69.38633193863319, 69.38633193863319, 69.36640765092648, 69.39629408248655, 69.39629408248655, 69.4062562263399, 69.43614265789998, 69.43614265789998, 69.43614265789998, 69.43614265789998, 69.42618051404662], "flops": [1.0011999607086182, 1.001099944114685, 1.000499963760376, 1.002099871635437, 1.0054999589920044, 1.0094000101089478, 1.0155000686645508, 1.025499939918518, 1.0428999662399292, 1.065100073814392, 1.100600004196167, 1.1516000032424927, 1.217900037765503, 1.3035999536514282, 1.4221000671386719, 1.5740998983383179, 1.766200065612793, 1.9930000305175781, 2.2326998710632324, 2.487600088119507, 2.736299991607666, 2.954900026321411, 3.1410999298095703, 3.2917001247406006, 3.412899971008301, 3.5184998512268066, 3.6030001640319824, 3.6612000465393066, 3.7126998901367188, 3.7597999572753906, 3.7939000129699707, 3.8253002166748047, 3.8488998413085938, 3.867799997329712, 3.8832998275756836, 3.8962998390197754, 3.9089999198913574, 3.9214000701904297, 3.930500030517578]}