{"test": [55.21, 55.21, 55.21, 55.23, 55.26, 55.37, 55.57, 55.72, 56.07, 56.64, 57.22, 58.4, 59.22, 60.33, 61.82, 63.16, 64.94, 66.33, 67.62, 68.63, 69.3, 69.7, 69.95, 70.04, 70.09, 70.12, 70.12, 70.11, 70.14, 70.14, 70.13, 70.12, 70.12, 70.12, 70.11, 70.11, 70.11, 70.11, 70.11], "val": [54.532775453277544, 54.5427375971309, 54.55269974098426, 54.60251046025105, 54.67224546722455, 54.821677625024904, 54.96114763897191, 55.16039051603905, 55.45925483163977, 55.97728631201434, 56.60490137477585, 57.61107790396493, 58.64714086471409, 60.101613867304245, 61.615859733014545, 63.52859135285914, 65.6106794182108, 67.2643952978681, 68.2207611077904, 68.87826260211197, 69.42618051404662, 69.86451484359434, 70.0139470013947, 69.93424985056784, 69.89440127515441, 69.96413628212791, 69.90436341900777, 69.86451484359434, 69.89440127515441, 69.8744769874477, 69.86451484359434, 69.86451484359434, 69.8744769874477, 69.86451484359434, 69.86451484359434, 69.86451484359434, 69.85455269974098, 69.85455269974098, 69.85455269974098], "flops": [1.0015000104904175, 1.0016000270843506, 1.00190007686615, 1.0022999048233032, 1.0037999153137207, 1.0073000192642212, 1.0153000354766846, 1.0236999988555908, 1.0404000282287598, 1.0671000480651855, 1.097000002861023, 1.147499918937683, 1.211400032043457, 1.296700119972229, 1.4084999561309814, 1.5606999397277832, 1.7588999271392822, 1.977100133895874, 2.230100154876709, 2.482100009918213, 2.7350001335144043, 2.9458999633789062, 3.1328001022338867, 3.2852001190185547, 3.4105000495910645, 3.5119998455047607, 3.5941998958587646, 3.6570000648498535, 3.70770001411438, 3.746799945831299, 3.783100128173828, 3.813699960708618, 3.8381001949310303, 3.85860013961792, 3.8762998580932617, 3.8907999992370605, 3.901900053024292, 3.9125001430511475, 3.921799898147583]}