{"test": [53.08, 53.08, 53.15, 53.18, 53.19, 53.26, 53.38, 53.81, 54.2, 54.63, 55.35, 56.33, 57.44, 58.71, 60.3, 62.38, 64.3, 66.01, 67.62, 68.65, 69.35, 69.65, 69.69, 69.74, 69.72, 69.71, 69.7, 69.68, 69.69, 69.7, 69.67, 69.65, 69.65, 69.65, 69.64, 69.64, 69.63, 69.63, 69.63], "val": [53.18788603307432, 53.18788603307432, 53.19784817692768, 53.227734608487744, 53.297469615461246, 53.377166766288106, 53.60629607491532, 53.79557680812911, 54.01474397290297, 54.532775453277544, 55.23012552301255, 56.126718469814705, 57.192667862123926, 58.5275951384738, 60.17134887427775, 62.18370193265591, 63.77764494919307, 65.55090655509065, 66.97549312612074, 68.08129109384339, 69.06754333532577, 69.4560669456067, 69.60549910340706, 69.75493126120742, 69.75493126120742, 69.70512054194063, 69.74496911735406, 69.72504482964735, 69.70512054194063, 69.69515839808727, 69.69515839808727, 69.69515839808727, 69.68519625423392, 69.68519625423392, 69.68519625423392, 69.69515839808727, 69.69515839808727, 69.69515839808727, 69.70512054194063], "flops": [1.0009000301361084, 1.0009000301361084, 1.0029000043869019, 1.003499984741211, 1.0038000345230103, 1.0074000358581543, 1.0133999586105347, 1.0277000665664673, 1.0419000387191772, 1.0655999183654785, 1.1004999876022339, 1.1569000482559204, 1.2234998941421509, 1.3070999383926392, 1.4180999994277954, 1.5676000118255615, 1.7748000621795654, 1.9972000122070312, 2.231800079345703, 2.4918999671936035, 2.740300178527832, 2.9563000202178955, 3.1449999809265137, 3.300800085067749, 3.420599937438965, 3.5192999839782715, 3.5947000980377197, 3.659600019454956, 3.7169997692108154, 3.7588999271392822, 3.8013999462127686, 3.8282999992370605, 3.8505001068115234, 3.868799924850464, 3.8850998878479004, 3.8994998931884766, 3.9095001220703125, 3.9193999767303467, 3.9291000366210938]}