{"test": [54.81, 54.82, 54.82, 54.83, 54.85, 54.93, 55.07, 55.2, 55.47, 55.93, 56.42, 57.14, 58.02, 59.0, 60.24, 61.39, 63.13, 64.82, 66.36, 66.95, 67.69, 68.18, 68.38, 68.3, 68.43, 68.52, 68.51, 68.48, 68.45, 68.44, 68.45, 68.48, 68.48, 68.48, 68.49, 68.49, 68.5, 68.5, 68.5], "val": [54.37338115162383, 54.37338115162383, 54.37338115162383, 54.38334329547719, 54.403267583183904, 54.492926877864114, 54.60251046025105, 54.7519426180514, 55.05080693365212, 55.429368400079696, 55.877664873480775, 56.55509065550906, 57.391910739191076, 58.43793584379358, 59.75293883243674, 61.42657899980076, 63.1400677425782, 64.61446503287507, 66.05897589161188, 66.94560669456067, 67.78242677824268, 67.97170751145647, 68.08129109384339, 68.34030683403068, 68.40007969715083, 68.40007969715083, 68.38015540944411, 68.35026897788404, 68.3602311217374, 68.41004184100419, 68.40007969715083, 68.40007969715083, 68.41004184100419, 68.42000398485754, 68.41004184100419, 68.42000398485754, 68.42000398485754, 68.4299661287109, 68.4299661287109], "flops": [1.0002999305725098, 1.0002000331878662, 1.0006998777389526, 1.001599907875061, 1.0042999982833862, 1.008099913597107, 1.014699935913086, 1.0226999521255493, 1.0399998426437378, 1.069000005722046, 1.1003999710083008, 1.1450999975204468, 1.2158000469207764, 1.2958999872207642, 1.412600040435791, 1.565999984741211, 1.7598000764846802, 1.9843000173568726, 2.239000082015991, 2.489300012588501, 2.734600067138672, 2.9467999935150146, 3.130000114440918, 3.2904000282287598, 3.4159998893737793, 3.5134999752044678, 3.5911998748779297, 3.6571998596191406, 3.7126998901367188, 3.755000114440918, 3.7914998531341553, 3.81820011138916, 3.842400074005127, 3.8612000942230225, 3.8778998851776123, 3.8904998302459717, 3.9040000438690186, 3.9156999588012695, 3.9235999584198]}