{"test": [37.05, 37.04, 37.02, 37.03, 37.1, 37.15, 37.27, 37.51, 37.99, 38.64, 39.57, 40.64, 41.97, 44.33, 46.93, 50.0, 53.58, 56.88, 60.54, 63.56, 66.16, 67.89, 68.95, 69.65, 70.02, 70.2, 70.22, 70.28, 70.28, 70.29, 70.36, 70.41, 70.42, 70.42, 70.41, 70.41, 70.41, 70.42, 70.42], "val": [36.14265789998007, 36.14265789998007, 36.14265789998007, 36.19246861924686, 36.26220362622036, 36.36182506475394, 36.53118151026101, 36.82008368200837, 37.37796373779637, 38.03546523211795, 39.081490336720464, 40.29687188683005, 41.97051205419406, 44.38135086670651, 47.150826857939826, 50.32875074716079, 54.04463040446304, 57.890017931858935, 61.0679418210799, 64.166168559474, 66.60689380354653, 68.2207611077904, 69.2667862123929, 69.71508268579399, 70.14345487148834, 70.35265989240885, 70.37258418011557, 70.31281131699542, 70.38254632396892, 70.44231918708905, 70.45228133094241, 70.44231918708905, 70.45228133094241, 70.47220561864913, 70.51205419406256, 70.52201633791591, 70.52201633791591, 70.52201633791591, 70.52201633791591], "flops": [1.0009000301361084, 1.0006999969482422, 1.000599980354309, 1.0011999607086182, 1.00409996509552, 1.0082999467849731, 1.0134999752044678, 1.0232000350952148, 1.0410999059677124, 1.0667998790740967, 1.1038000583648682, 1.1507999897003174, 1.2122000455856323, 1.3070000410079956, 1.4209998846054077, 1.5807000398635864, 1.768399953842163, 1.9903000593185425, 2.248300075531006, 2.5081000328063965, 2.7411999702453613, 2.9576001167297363, 3.1409997940063477, 3.299799919128418, 3.4225001335144043, 3.514400005340576, 3.5971999168395996, 3.6636998653411865, 3.717400074005127, 3.7616000175476074, 3.7993998527526855, 3.826900005340576, 3.849100112915039, 3.8701000213623047, 3.8863000869750977, 3.8970999717712402, 3.906599998474121, 3.914600133895874, 3.9219000339508057]}