{"test": [51.6, 51.61, 51.59, 51.62, 51.63, 51.75, 51.89, 52.14, 52.48, 52.95, 53.7, 54.41, 55.58, 56.77, 58.52, 60.42, 62.63, 64.64, 66.33, 67.46, 68.38, 68.79, 69.02, 69.18, 69.34, 69.34, 69.33, 69.32, 69.35, 69.35, 69.37, 69.38, 69.37, 69.37, 69.38, 69.38, 69.38, 69.38, 69.38], "val": [50.637577206614864, 50.64753935046822, 50.65750149432158, 50.64753935046822, 50.68738792588165, 50.81689579597529, 51.04602510460251, 51.374775851763296, 51.69356445507073, 52.231520223152025, 52.82924885435346, 53.75572823271568, 54.971109782825266, 56.28611277146842, 58.258617254433155, 60.09165172345089, 62.34309623430963, 63.996812113966925, 65.70033871289101, 67.10500099621439, 67.9418210798964, 68.17095038852361, 68.44989041641762, 68.75871687587168, 68.97788404064555, 68.93803546523212, 68.93803546523212, 68.96792189679219, 68.9878461844989, 68.97788404064555, 69.00777047220562, 69.01773261605898, 69.02769475991234, 69.00777047220562, 68.99780832835226, 68.99780832835226, 68.9878461844989, 68.99780832835226, 68.99780832835226], "flops": [1.0018000602722168, 1.0013999938964844, 1.000999927520752, 1.002099871635437, 1.004499912261963, 1.0089999437332153, 1.0154999494552612, 1.0283000469207764, 1.043199896812439, 1.0713999271392822, 1.107100009918213, 1.1471998691558838, 1.2100000381469727, 1.2971999645233154, 1.4114000797271729, 1.5725998878479004, 1.7705999612808228, 1.988800048828125, 2.240600109100342, 2.49429988861084, 2.7360000610351562, 2.952399969100952, 3.1448001861572266, 3.3041000366210938, 3.425299882888794, 3.5143001079559326, 3.5975000858306885, 3.6663999557495117, 3.7276997566223145, 3.7677998542785645, 3.7997000217437744, 3.8241000175476074, 3.849299907684326, 3.869500160217285, 3.885499954223633, 3.8982999324798584, 3.91129994392395, 3.9207000732421875, 3.932000160217285]}