{"test": [49.96, 49.96, 49.95, 49.99, 50.08, 50.13, 50.18, 50.48, 50.76, 51.47, 52.21, 53.39, 54.54, 55.92, 57.85, 60.0, 62.35, 64.11, 65.86, 67.16, 67.61, 68.22, 68.6, 68.85, 68.9, 68.86, 68.82, 68.79, 68.77, 68.76, 68.73, 68.72, 68.73, 68.71, 68.72, 68.72, 68.72, 68.72, 68.72], "val": [49.252839210998204, 49.252839210998204, 49.27276349870492, 49.30264993026499, 49.362422793385136, 49.521817095038855, 49.731022115959355, 49.89041641761307, 50.36859932257422, 50.89659294680215, 51.653715879657305, 52.560270970312814, 53.92508467822275, 55.8477784419207, 57.75054791791194, 59.812711695556885, 61.95457262402869, 63.60828850368599, 65.69037656903765, 67.28431958557482, 68.11117752540346, 68.60928471807132, 68.96792189679219, 69.13727834229927, 69.23689978083283, 69.36640765092648, 69.43614265789998, 69.39629408248655, 69.41621837019326, 69.41621837019326, 69.42618051404662, 69.42618051404662, 69.4062562263399, 69.4062562263399, 69.38633193863319, 69.37636979477983, 69.36640765092648, 69.36640765092648, 69.36640765092648], "flops": [1.0, 1.0, 1.0016000270843506, 1.0026999711990356, 1.0056999921798706, 1.0095000267028809, 1.0155000686645508, 1.027400016784668, 1.0422999858856201, 1.0708999633789062, 1.1038000583648682, 1.150999903678894, 1.2158000469207764, 1.296199917793274, 1.4210000038146973, 1.575100064277649, 1.7595000267028809, 1.990399956703186, 2.2440998554229736, 2.5074000358581543, 2.7547998428344727, 2.9660000801086426, 3.149199962615967, 3.299099922180176, 3.432299852371216, 3.525599956512451, 3.60129976272583, 3.6714999675750732, 3.718899965286255, 3.7611000537872314, 3.793300151824951, 3.8206000328063965, 3.8423001766204834, 3.862299919128418, 3.8808999061584473, 3.8941001892089844, 3.906100034713745, 3.9131999015808105, 3.921999931335449]}