{"test": [43.99, 44.0, 44.01, 44.01, 44.07, 44.23, 44.42, 44.65, 45.03, 45.61, 46.5, 47.41, 48.52, 50.51, 52.54, 55.52, 58.63, 61.9, 64.45, 66.09, 67.23, 67.96, 68.45, 68.71, 68.86, 68.97, 69.01, 69.0, 68.96, 68.98, 68.98, 69.01, 69.02, 69.03, 69.03, 69.05, 69.05, 69.05, 69.05], "val": [43.93305439330544, 43.93305439330544, 43.9430165371588, 43.97290296871887, 44.02271368798566, 44.18210798963937, 44.35146443514645, 44.700139470013944, 45.14843594341502, 45.82586172544332, 46.742378959952184, 47.638971906754335, 49.153217772464636, 50.93644152221558, 53.31739390316796, 56.02709703128113, 59.16517234508866, 61.84498904164176, 63.97688782626021, 66.12871089858538, 67.23450886630803, 68.1012153815501, 68.35026897788404, 68.45985256027097, 68.62920900577804, 68.67901972504482, 68.79856545128511, 68.8483761705519, 68.81848973899183, 68.82845188284519, 68.82845188284519, 68.81848973899183, 68.81848973899183, 68.81848973899183, 68.81848973899183, 68.82845188284519, 68.82845188284519, 68.82845188284519, 68.82845188284519], "flops": [1.0002999305725098, 1.0003999471664429, 1.0011999607086182, 1.0029000043869019, 1.0037999153137207, 1.008599877357483, 1.0157999992370605, 1.0261000394821167, 1.0432000160217285, 1.0684000253677368, 1.1040000915527344, 1.1445000171661377, 1.2003000974655151, 1.288100004196167, 1.4038000106811523, 1.5635000467300415, 1.7537001371383667, 1.993499994277954, 2.2513999938964844, 2.498300075531006, 2.740799903869629, 2.953199863433838, 3.1324000358581543, 3.2925000190734863, 3.4264001846313477, 3.5253000259399414, 3.6025002002716064, 3.6691999435424805, 3.7211999893188477, 3.7608001232147217, 3.7933998107910156, 3.8226001262664795, 3.844099998474121, 3.860999822616577, 3.8770999908447266, 3.8923001289367676, 3.9026999473571777, 3.9127001762390137, 3.9220001697540283]}