{"test": [86.82417083144026, 86.82417083144026, 86.82417083144026, 86.82417083144026, 86.82417083144026, 86.85143116765107, 86.96955929123126, 87.02407996365288, 87.34211721944571, 87.80554293502954, 88.40527033166742, 89.1231258518855, 89.87732848705134, 90.40436165379373, 90.88596092685142, 91.1403907314857, 91.1676510676965, 91.26760563380282, 91.1676510676965, 91.14947751022262, 91.15856428895957, 91.18582462517038, 91.18582462517038, 91.19491140390731, 91.19491140390731, 91.19491140390731, 91.19491140390731, 91.19491140390731, 91.19491140390731, 91.19491140390731, 91.19491140390731, 91.19491140390731, 91.19491140390731, 91.19491140390731, 91.19491140390731, 91.19491140390731, 91.19491140390731, 91.19491140390731, 91.19491140390731], "val": [87.18690801936434, 87.18690801936434, 87.18690801936434, 87.18164596926962, 87.17638391917491, 87.17638391917491, 87.22900442012208, 87.46579667438434, 87.84992633129868, 88.34982109029679, 88.74447484740055, 89.19174910545148, 89.89160176804883, 90.54409597979372, 90.99663228793938, 91.35971374447485, 91.44390654599032, 91.42812039570617, 91.38076194485372, 91.42812039570617, 91.39128604504315, 91.38602399494843, 91.38602399494843, 91.38602399494843, 91.38602399494843, 91.38602399494843, 91.38602399494843, 91.38602399494843, 91.38602399494843, 91.38602399494843, 91.38602399494843, 91.38602399494843, 91.38602399494843, 91.38602399494843, 91.38602399494843, 91.38602399494843, 91.38602399494843, 91.38602399494843, 91.38602399494843], "flops": [1.0, 1.0, 1.0002726316452026, 1.000454306602478, 1.001544713973999, 1.004361629486084, 1.0105407238006592, 1.0212630033493042, 1.0359835624694824, 1.0596091747283936, 1.0939573049545288, 1.140299916267395, 1.2088141441345215, 1.2961381673812866, 1.4219900369644165, 1.5748295783996582, 1.772830605506897, 2.012085437774658, 2.2616991996765137, 2.513948440551758, 2.754293441772461, 2.9614720344543457, 3.1518402099609375, 3.3081326484680176, 3.4298956394195557, 3.5289413928985596, 3.6089959144592285, 3.676419973373413, 3.729304790496826, 3.7681055068969727, 3.79754638671875, 3.8270785808563232, 3.850159168243408, 3.868605136871338, 3.8851430416107178, 3.898773431777954, 3.9085869789123535, 3.9169468879699707, 3.928396224975586]}