{"test": [87.99636528850523, 87.99636528850523, 88.00545206724216, 88.00545206724216, 88.02362562471603, 88.0145388459791, 88.09631985461154, 88.09631985461154, 88.2326215356656, 88.55065879145843, 88.90504316219901, 89.6501590186279, 90.33166742389822, 90.82235347569286, 91.23125851885507, 91.55838255338483, 91.94002726033621, 91.84915947296683, 91.7673784643344, 91.74011812812358, 91.70377101317582, 91.64016356201726, 91.64016356201726, 91.61290322580645, 91.59472966833258, 91.58564288959563, 91.5765561108587, 91.5765561108587, 91.5765561108587, 91.5765561108587, 91.5765561108587, 91.5765561108587, 91.5765561108587, 91.5765561108587, 91.5765561108587, 91.5765561108587, 91.5765561108587, 91.5765561108587, 91.5765561108587], "val": [88.2919385392549, 88.2919385392549, 88.28141443906546, 88.28141443906546, 88.28667648916017, 88.31298673963376, 88.34982109029679, 88.49715849294886, 88.71290254683224, 89.08124605346242, 89.54956851189223, 89.99684276994317, 90.42306882761524, 90.67038518206694, 91.02820458850768, 91.1913281414439, 91.21237634182278, 91.0650389391707, 90.88612923595032, 90.7493159334877, 90.71774363291938, 90.71248158282467, 90.67564723216165, 90.68090928225637, 90.67564723216165, 90.67038518206694, 90.67564723216165, 90.67564723216165, 90.67564723216165, 90.67564723216165, 90.67564723216165, 90.67564723216165, 90.68090928225637, 90.68090928225637, 90.68090928225637, 90.68090928225637, 90.68090928225637, 90.68090928225637, 90.68090928225637], "flops": [1.0, 1.0, 1.000181794166565, 1.0003634691238403, 1.0019991397857666, 1.0041799545288086, 1.008905053138733, 1.0201727151870728, 1.0345298051834106, 1.0539754629135132, 1.0888687372207642, 1.1353020668029785, 1.1989095211029053, 1.2875056266784668, 1.409813642501831, 1.5623806715011597, 1.7675602436065674, 2.0094501972198486, 2.2574284076690674, 2.5133121013641357, 2.767923593521118, 2.9823715686798096, 3.162926197052002, 3.312403440475464, 3.429804801940918, 3.5254883766174316, 3.602635383605957, 3.6675148010253906, 3.716219902038574, 3.753657579421997, 3.7883689403533936, 3.8185369968414307, 3.8460700511932373, 3.8639707565307617, 3.8805088996887207, 3.8970468044281006, 3.910676956176758, 3.9202182292938232, 3.9271240234375]}