{"test": [88.99591094956838, 88.99591094956838, 88.99591094956838, 88.99591094956838, 88.99591094956838, 88.98682417083144, 88.9777373920945, 89.02317128577918, 89.04134484325307, 89.34120854157202, 89.72285324852339, 90.06815084052704, 90.2044525215811, 90.69513857337574, 90.92230804179918, 91.1676510676965, 91.23125851885507, 91.36756019990914, 91.41299409359382, 91.46751476601544, 91.5038618809632, 91.49477510222626, 91.48568832348933, 91.5038618809632, 91.49477510222626, 91.49477510222626, 91.49477510222626, 91.49477510222626, 91.49477510222626, 91.49477510222626, 91.49477510222626, 91.49477510222626, 91.49477510222626, 91.49477510222626, 91.49477510222626, 91.49477510222626, 91.49477510222626, 91.49477510222626, 91.49477510222626], "val": [89.08124605346242, 89.08124605346242, 89.08124605346242, 89.08124605346242, 89.08124605346242, 89.070721953273, 89.06545990317828, 89.12334245422016, 89.2601557566828, 89.49168596085035, 89.83898126710166, 90.1915386234477, 90.5335718796043, 90.87034308566618, 91.20711429172806, 91.45443064617974, 91.57019574826353, 91.59124394864239, 91.57019574826353, 91.57545779835824, 91.55967164807409, 91.5333613976005, 91.54388549778994, 91.51757524731636, 91.52283729741107, 91.54914754788466, 91.54388549778994, 91.54914754788466, 91.54914754788466, 91.54914754788466, 91.54914754788466, 91.54914754788466, 91.54914754788466, 91.54914754788466, 91.54914754788466, 91.54914754788466, 91.54914754788466, 91.54914754788466, 91.54914754788466], "flops": [1.0, 1.0, 1.0002726316452026, 1.001090407371521, 1.0019991397857666, 1.004543423652649, 1.009359359741211, 1.0196274518966675, 1.0321671962738037, 1.0553385019302368, 1.0893230438232422, 1.1370285749435425, 1.2017265558242798, 1.2891414165496826, 1.4120854139328003, 1.5747387409210205, 1.7769196033477783, 2.018991470336914, 2.263425588607788, 2.5274877548217773, 2.7653794288635254, 2.9732847213745117, 3.161381244659424, 3.3099498748779297, 3.4292595386505127, 3.530395269393921, 3.6109039783477783, 3.6704225540161133, 3.7216718196868896, 3.766469955444336, 3.7987277507781982, 3.8266243934631348, 3.8487958908081055, 3.8674237728118896, 3.8849613666534424, 3.8976829051971436, 3.9082236289978027, 3.9170377254486084, 3.9283053874969482]}