{"test": [85.13402998636982, 85.13402998636982, 85.13402998636982, 85.13402998636982, 85.13402998636982, 85.09768287142208, 85.14311676510677, 85.25215810995002, 85.44298046342571, 85.80645161290323, 86.21535665606542, 86.67878237164925, 87.37846433439346, 87.95093139482054, 88.58700590640618, 88.94139027714675, 89.46842344388914, 89.45024988641526, 89.48659700136302, 89.52294411631077, 89.45933666515221, 89.45933666515221, 89.42298955020445, 89.40481599273058, 89.37755565651976, 89.35029532030894, 89.35029532030894, 89.35938209904589, 89.35938209904589, 89.35938209904589, 89.35938209904589, 89.35938209904589, 89.35938209904589, 89.35938209904589, 89.35938209904589, 89.35938209904589, 89.35938209904589, 89.35938209904589, 89.35938209904589], "val": [84.90317827825722, 84.90317827825722, 84.90317827825722, 84.90317827825722, 84.89265417806777, 84.88739212797306, 84.92422647863607, 85.04525363081457, 85.33992843611871, 85.57672069038097, 86.09240159966323, 86.63965480951379, 87.1079772679436, 87.7025889286466, 88.31298673963376, 88.83392969901074, 88.98126710166281, 89.09177015365186, 89.04441170279941, 89.17596295516734, 89.15491475478846, 89.11281835403074, 89.11281835403074, 89.12334245422016, 89.12860450431488, 89.1338665544096, 89.12334245422016, 89.12334245422016, 89.12334245422016, 89.12334245422016, 89.12334245422016, 89.12334245422016, 89.11808040412545, 89.11808040412545, 89.11808040412545, 89.11808040412545, 89.11808040412545, 89.11808040412545, 89.11808040412545], "flops": [1.0, 1.0002726316452026, 1.0003634691238403, 1.001726508140564, 1.0029077529907227, 1.0053611993789673, 1.0117219686508179, 1.0190821886062622, 1.0338935852050781, 1.0552476644515991, 1.0837801694869995, 1.1310312747955322, 1.1981825828552246, 1.28323495388031, 1.4062697887420654, 1.5612903833389282, 1.7604725360870361, 1.999545693397522, 2.254429817199707, 2.5043163299560547, 2.7457518577575684, 2.971013069152832, 3.1462063789367676, 3.2937755584716797, 3.420172691345215, 3.5262155532836914, 3.6083598136901855, 3.67169451713562, 3.7186732292175293, 3.7594730854034424, 3.793184995651245, 3.82344388961792, 3.846160888671875, 3.8658792972564697, 3.880781412124634, 3.894775152206421, 3.9057700634002686, 3.915220260620117, 3.9225804805755615]}