{"test": [87.30577010449795, 87.30577010449795, 87.30577010449795, 87.30577010449795, 87.29668332576102, 87.3148568832349, 87.3875511131304, 87.45115856428896, 87.65106769650158, 88.03271240345298, 88.45979100408906, 89.04134484325307, 89.81372103589278, 90.22262607905498, 90.70422535211267, 91.11313039527488, 91.13130395274875, 90.95865515674693, 91.04043616537938, 90.84961381190368, 90.8768741481145, 90.84961381190368, 90.82235347569286, 90.82235347569286, 90.80417991821899, 90.80417991821899, 90.79509313948205, 90.79509313948205, 90.79509313948205, 90.79509313948205, 90.79509313948205, 90.79509313948205, 90.79509313948205, 90.79509313948205, 90.79509313948205, 90.79509313948205, 90.79509313948205, 90.79509313948205, 90.79509313948205], "val": [87.66049252788886, 87.66049252788886, 87.66049252788886, 87.64996842769943, 87.64470637760472, 87.65523047779415, 87.67627867817302, 87.83940223110925, 88.08145653546622, 88.37086929067564, 88.82866764891602, 89.28646600715639, 89.81267101662807, 90.04946327089034, 90.68617133235108, 90.96505998737108, 90.98084613765523, 90.97032203746579, 90.92296358661335, 90.93348768680278, 90.9440117869922, 90.9124394864239, 90.92822563670806, 90.91770153651862, 90.90717743632919, 90.89665333613976, 90.89665333613976, 90.90191538623448, 90.90191538623448, 90.90191538623448, 90.90191538623448, 90.90191538623448, 90.90191538623448, 90.90191538623448, 90.90191538623448, 90.90191538623448, 90.90191538623448, 90.90191538623448, 90.90191538623448], "flops": [1.0, 1.0, 1.0000908374786377, 1.0005452632904053, 1.0014538764953613, 1.0041799545288086, 1.0095411539077759, 1.0203543901443481, 1.035801887512207, 1.0595184564590454, 1.0921399593353271, 1.139663815498352, 1.2023625373840332, 1.2905043363571167, 1.4059972763061523, 1.5711950063705444, 1.7791913747787476, 1.998727798461914, 2.2658791542053223, 2.523852825164795, 2.7697410583496094, 2.9945478439331055, 3.170104503631592, 3.32230806350708, 3.4356203079223633, 3.535665512084961, 3.6092686653137207, 3.6715128421783447, 3.717855453491211, 3.7631077766418457, 3.7980916500091553, 3.82680606842041, 3.849613904953003, 3.8690595626831055, 3.886051893234253, 3.8971376419067383, 3.908677816390991, 3.9182190895080566, 3.927396774291992]}