{"test": [85.74284416174466, 85.74284416174466, 85.74284416174466, 85.74284416174466, 85.74284416174466, 85.76101771921854, 85.80645161290323, 85.90640617900954, 86.07905497501136, 86.48796001817355, 86.8332576101772, 87.42389822807814, 88.15992730577011, 88.90504316219901, 89.47751022262608, 89.92276238073603, 90.27714675147661, 90.33166742389822, 90.40436165379373, 90.44979554747842, 90.48614266242618, 90.4952294411631, 90.4952294411631, 90.52248977737392, 90.52248977737392, 90.51340299863698, 90.52248977737392, 90.52248977737392, 90.52248977737392, 90.52248977737392, 90.52248977737392, 90.52248977737392, 90.52248977737392, 90.52248977737392, 90.52248977737392, 90.52248977737392, 90.52248977737392, 90.52248977737392, 90.52248977737392], "val": [86.35550410439907, 86.35550410439907, 86.36076615449379, 86.3660282045885, 86.36076615449379, 86.37655230477795, 86.37129025468323, 86.42391075563039, 86.71332351083983, 87.12376341822774, 87.60260997684698, 88.14986318669754, 88.70237844664281, 89.2285834561145, 89.68111976426016, 90.1283940223111, 90.40202062723637, 90.61776468111977, 90.64407493159335, 90.63355083140391, 90.67564723216165, 90.6914333824458, 90.6598610818775, 90.64933698168807, 90.64933698168807, 90.64933698168807, 90.64933698168807, 90.64933698168807, 90.64933698168807, 90.64407493159335, 90.64407493159335, 90.64407493159335, 90.64407493159335, 90.64407493159335, 90.64407493159335, 90.64407493159335, 90.64407493159335, 90.64407493159335, 90.64407493159335], "flops": [1.0, 1.0000908374786377, 1.0007269382476807, 1.001272201538086, 1.0022716522216797, 1.0041799545288086, 1.0095411539077759, 1.0198092460632324, 1.033166766166687, 1.05824613571167, 1.089868187904358, 1.1376646757125854, 1.1985461711883545, 1.2885961532592773, 1.4163562059402466, 1.5810086727142334, 1.778100848197937, 2.014902353286743, 2.2676055431365967, 2.5164923667907715, 2.759018659591675, 2.978464365005493, 3.161017656326294, 3.3087685108184814, 3.4308950901031494, 3.532212495803833, 3.6137208938598633, 3.675783634185791, 3.7235803604125977, 3.7615630626678467, 3.7964563369750977, 3.8258063793182373, 3.848341703414917, 3.8666059970855713, 3.8826897144317627, 3.894411563873291, 3.9058609008789062, 3.913130283355713, 3.9220354557037354]}