{"test": [73.02135393003181, 73.02135393003181, 73.01226715129486, 73.01226715129486, 73.02135393003181, 73.02135393003181, 73.09404815992731, 73.13039527487506, 73.33030440708768, 73.53021353930032, 74.0572467060427, 74.72058155383917, 75.52930486142662, 76.7014993184916, 77.89186733303045, 78.93684688777829, 80.18173557473875, 81.20854157201272, 81.95365742844162, 82.35347569286688, 82.4534302589732, 82.6715129486597, 82.73512039981827, 82.7442071785552, 82.75329395729214, 82.76238073602907, 82.79872785097683, 82.8169014084507, 82.80781462971376, 82.79872785097683, 82.80781462971376, 82.79872785097683, 82.80781462971376, 82.79872785097683, 82.79872785097683, 82.79872785097683, 82.79872785097683, 82.79872785097683, 82.79872785097683], "val": [72.77415280993475, 72.77415280993475, 72.78467691012419, 72.80572511050305, 72.81624921069249, 72.86360766154493, 72.88991791201852, 72.93201431277626, 73.13723426647022, 73.5055777731004, 74.21069248579246, 74.85266259734793, 75.66301831193432, 76.8680277836245, 78.18880235739844, 79.41486002946748, 80.76720690380972, 81.73542412123763, 82.27741528099348, 82.80362029046516, 83.0351504946327, 83.1877499473795, 83.20879814775837, 83.2824668490844, 83.32456324984214, 83.3140391496527, 83.34034940012629, 83.33508735003157, 83.35087350031573, 83.35613555041044, 83.36139760050516, 83.36665965059987, 83.36665965059987, 83.37192170069459, 83.37718375078931, 83.37718375078931, 83.37718375078931, 83.37718375078931, 83.37192170069459], "flops": [1.0002726316452026, 1.0002726316452026, 1.0007269382476807, 1.0011812448501587, 1.0024534463882446, 1.0053611993789673, 1.0120854377746582, 1.0217174291610718, 1.0368014574050903, 1.0583370923995972, 1.0862334966659546, 1.1306679248809814, 1.1959108114242554, 1.2868696451187134, 1.4136301279067993, 1.5731031894683838, 1.7631986141204834, 2.0138118267059326, 2.2586097717285156, 2.518218994140625, 2.757110357284546, 2.9758291244506836, 3.1654701232910156, 3.3159472942352295, 3.4338936805725098, 3.527851104736328, 3.6056337356567383, 3.6741480827331543, 3.7235801219940186, 3.7618355751037598, 3.7952749729156494, 3.822262763977051, 3.847705602645874, 3.869877338409424, 3.8871421813964844, 3.9007725715637207, 3.914402723312378, 3.9247612953186035, 3.932121992111206]}