{"test": [54.57, 54.58, 54.57, 54.6, 54.66, 54.84, 55.05, 55.24, 55.62, 56.25, 57.06, 57.99, 59.37, 60.88, 62.28, 64.26, 66.53, 67.76, 69.36, 70.05, 70.66, 71.09, 71.25, 71.26, 71.27, 71.18, 71.2, 71.17, 71.17, 71.14, 71.11, 71.12, 71.1, 71.1, 71.1, 71.11, 71.12, 71.13, 71.14], "val": [53.626943005181346, 53.63690713431646, 53.656835392586686, 53.716620167397366, 53.76644081307294, 53.8860103626943, 54.1052212036668, 54.453965723395775, 54.68314069350339, 55.17138302112395, 55.888800318852134, 56.8154643284177, 58.11080111598246, 59.565563969709046, 61.219609406137906, 63.04304503786369, 65.18533280191312, 67.0087684336389, 68.80231167795935, 70.13750498206457, 70.78517337584695, 71.13391789557593, 71.41291351135911, 71.67198086887205, 71.67198086887205, 71.7716221602232, 71.76165803108809, 71.78158628935832, 71.78158628935832, 71.80151454762854, 71.81147867676366, 71.7716221602232, 71.7716221602232, 71.7716221602232, 71.7716221602232, 71.7716221602232, 71.7716221602232, 71.7716221602232, 71.7716221602232], "flops": [1.0011999607086182, 1.0016000270843506, 1.0015000104904175, 1.0027999877929688, 1.005199909210205, 1.0104999542236328, 1.017799973487854, 1.030900001525879, 1.0462000370025635, 1.0707000494003296, 1.1080999374389648, 1.1618000268936157, 1.2326000928878784, 1.3176000118255615, 1.4354000091552734, 1.599000096321106, 1.7904000282287598, 2.021200180053711, 2.253000020980835, 2.499500036239624, 2.7284998893737793, 2.953400135040283, 3.142899990081787, 3.2975001335144043, 3.424799919128418, 3.5250000953674316, 3.6055002212524414, 3.668800115585327, 3.718400001525879, 3.756999969482422, 3.791599988937378, 3.8163998126983643, 3.841099977493286, 3.8575000762939453, 3.8743999004364014, 3.8912999629974365, 3.9034998416900635, 3.9118001461029053, 3.9210000038146973]}