{"test": [55.1, 55.1, 55.13, 55.16, 55.29, 55.36, 55.52, 55.78, 56.08, 56.8, 57.37, 58.39, 59.52, 60.52, 62.07, 64.05, 65.93, 67.66, 69.16, 69.91, 70.37, 70.49, 70.76, 70.82, 70.7, 70.71, 70.72, 70.73, 70.7, 70.66, 70.65, 70.65, 70.65, 70.65, 70.65, 70.64, 70.64, 70.64, 70.64], "val": [55.5001992825827, 55.5001992825827, 55.51016341171782, 55.54005579912316, 55.619768832204066, 55.69948186528497, 55.96851335193304, 56.3072937425269, 56.69589477879633, 57.06456755679554, 57.63252291749701, 58.5791151853328, 59.62534874451973, 60.811080111598244, 62.0964527700279, 63.810282981267434, 65.63371861299322, 67.79593463531288, 69.17098445595855, 69.95815065763253, 70.60581905141491, 70.87485053806297, 70.86488640892786, 71.01434834595456, 71.11398963730569, 71.19370267038661, 71.1837385412515, 71.1837385412515, 71.10402550817058, 71.10402550817058, 71.07413312076524, 71.07413312076524, 71.06416899163013, 71.06416899163013, 71.06416899163013, 71.06416899163013, 71.06416899163013, 71.07413312076524, 71.07413312076524], "flops": [583153344.0, 583153344.0, 583363328.0, 583783360.0, 586513536.0, 588771136.0, 592761408.0, 598011776.0, 607987520.0, 622950976.0, 639752128.0, 665898880.0, 701968832.0, 748434496.0, 811491200.0, 892819264.0, 994991168.0, 1112704256.0, 1244225536.0, 1373121664.0, 1503697920.0, 1606132480.0, 1705469184.0, 1786062208.0, 1852006656.0, 1907135360.0, 1945410560.0, 1982268032.0, 2007627264.0, 2030518784.0, 2048002304.0, 2061915776.0, 2075304192.0, 2085647488.0, 2095413120.0, 2101818496.0, 2108958976.0, 2113211904.0, 2119144704.0]}