{"test": [55.1, 55.1, 55.13, 55.16, 55.29, 55.36, 55.52, 55.78, 56.08, 56.8, 57.37, 58.39, 59.52, 60.52, 62.07, 64.05, 65.93, 67.66, 69.16, 69.91, 70.37, 70.49, 70.76, 70.82, 70.7, 70.71, 70.72, 70.73, 70.7, 70.66, 70.65, 70.65, 70.65, 70.65, 70.65, 70.64, 70.64, 70.64, 70.64], "val": [55.5001992825827, 55.5001992825827, 55.51016341171782, 55.54005579912316, 55.619768832204066, 55.69948186528497, 55.96851335193304, 56.3072937425269, 56.69589477879633, 57.06456755679554, 57.63252291749701, 58.5791151853328, 59.62534874451973, 60.811080111598244, 62.0964527700279, 63.810282981267434, 65.63371861299322, 67.79593463531288, 69.17098445595855, 69.95815065763253, 70.60581905141491, 70.87485053806297, 70.86488640892786, 71.01434834595456, 71.11398963730569, 71.19370267038661, 71.1837385412515, 71.1837385412515, 71.10402550817058, 71.10402550817058, 71.07413312076524, 71.07413312076524, 71.06416899163013, 71.06416899163013, 71.06416899163013, 71.06416899163013, 71.06416899163013, 71.07413312076524, 71.07413312076524], "flops": [1.000599980354309, 1.000599980354309, 1.0010000467300415, 1.0017999410629272, 1.0069999694824219, 1.011299967765808, 1.0189000368118286, 1.028899908065796, 1.0478999614715576, 1.0763999223709106, 1.1083999872207642, 1.1582000255584717, 1.2268999814987183, 1.3153998851776123, 1.4355000257492065, 1.590399980545044, 1.7850000858306885, 2.009199857711792, 2.259700059890747, 2.505199909210205, 2.7539000511169434, 2.9489998817443848, 3.138199806213379, 3.2917001247406006, 3.41729998588562, 3.5223000049591064, 3.5952000617980957, 3.6654000282287598, 3.71370005607605, 3.7572999000549316, 3.790600061416626, 3.8171000480651855, 3.842599868774414, 3.862300157546997, 3.8808999061584473, 3.8931000232696533, 3.9067001342773438, 3.9148001670837402, 3.926100015640259]}