{"test": [53.37, 53.37, 53.37, 53.39, 53.46, 53.59, 53.75, 54.0, 54.33, 54.77, 55.44, 56.38, 57.72, 59.5, 61.54, 63.64, 65.81, 67.82, 69.22, 70.23, 70.89, 71.06, 71.19, 71.32, 71.36, 71.39, 71.43, 71.42, 71.43, 71.42, 71.43, 71.43, 71.43, 71.43, 71.43, 71.42, 71.42, 71.43, 71.43], "val": [53.64687126345157, 53.63690713431646, 53.63690713431646, 53.656835392586686, 53.716620167397366, 53.75647668393783, 53.86608210442407, 54.13511359107214, 54.424073335990435, 54.90235153447588, 55.589876444798726, 56.626145874850536, 58.031088082901555, 59.475886807493026, 61.32921482662415, 63.50139497807891, 65.44440015942607, 67.2279792746114, 68.77241929055401, 69.88840175368672, 70.36667995217218, 70.95456357114388, 71.30330809087286, 71.41291351135911, 71.54244719011558, 71.53248306098047, 71.57233957752092, 71.57233957752092, 71.56237544838581, 71.5524113192507, 71.57233957752092, 71.54244719011558, 71.54244719011558, 71.54244719011558, 71.54244719011558, 71.54244719011558, 71.54244719011558, 71.5524113192507, 71.5524113192507], "flops": [1.0002999305725098, 1.0002999305725098, 1.000599980354309, 1.0010000467300415, 1.0038000345230103, 1.0089000463485718, 1.0149999856948853, 1.026400089263916, 1.044100046157837, 1.0699000358581543, 1.1047999858856201, 1.153900146484375, 1.228700041770935, 1.3220000267028809, 1.4386999607086182, 1.5865999460220337, 1.7878999710083008, 2.0152997970581055, 2.2560999393463135, 2.5040998458862305, 2.7255001068115234, 2.9535999298095703, 3.1374998092651367, 3.3010001182556152, 3.4204001426696777, 3.5243000984191895, 3.601099967956543, 3.66759991645813, 3.7151999473571777, 3.7548999786376953, 3.791599988937378, 3.8202998638153076, 3.8422000408172607, 3.8617000579833984, 3.8781001567840576, 3.8904001712799072, 3.9007999897003174, 3.9103000164031982, 3.921099901199341]}