{"test": [53.37, 53.37, 53.37, 53.39, 53.46, 53.59, 53.75, 54.0, 54.33, 54.77, 55.44, 56.38, 57.72, 59.5, 61.54, 63.64, 65.81, 67.82, 69.22, 70.23, 70.89, 71.06, 71.19, 71.32, 71.36, 71.39, 71.43, 71.42, 71.43, 71.42, 71.43, 71.43, 71.43, 71.43, 71.43, 71.42, 71.42, 71.43, 71.43], "val": [53.64687126345157, 53.63690713431646, 53.63690713431646, 53.656835392586686, 53.716620167397366, 53.75647668393783, 53.86608210442407, 54.13511359107214, 54.424073335990435, 54.90235153447588, 55.589876444798726, 56.626145874850536, 58.031088082901555, 59.475886807493026, 61.32921482662415, 63.50139497807891, 65.44440015942607, 67.2279792746114, 68.77241929055401, 69.88840175368672, 70.36667995217218, 70.95456357114388, 71.30330809087286, 71.41291351135911, 71.54244719011558, 71.53248306098047, 71.57233957752092, 71.57233957752092, 71.56237544838581, 71.5524113192507, 71.57233957752092, 71.54244719011558, 71.54244719011558, 71.54244719011558, 71.54244719011558, 71.54244719011558, 71.54244719011558, 71.5524113192507, 71.5524113192507], "flops": [582995776.0, 582995776.0, 583153280.0, 583363328.0, 584833408.0, 587511104.0, 590713856.0, 596699200.0, 605992320.0, 619538240.0, 637861952.0, 663641216.0, 702913920.0, 751899712.0, 813171392.0, 890824064.0, 996513728.0, 1115906816.0, 1242335488.0, 1372544128.0, 1488787072.0, 1608547712.0, 1705101696.0, 1790945024.0, 1853634304.0, 1908185344.0, 1948508160.0, 1983422976.0, 2008414720.0, 2029258624.0, 2048527488.0, 2063595904.0, 2075094144.0, 2085332352.0, 2093943040.0, 2100401024.0, 2105861248.0, 2110849152.0, 2116519424.0]}