{"test": [54.88, 54.88, 54.9, 54.88, 54.91, 55.0, 55.12, 55.23, 55.52, 55.96, 56.54, 57.36, 58.03, 59.15, 60.56, 62.2, 63.79, 65.43, 66.5, 67.57, 68.55, 69.05, 69.28, 69.38, 69.39, 69.45, 69.48, 69.52, 69.52, 69.54, 69.53, 69.55, 69.54, 69.53, 69.53, 69.51, 69.51, 69.49, 69.49], "val": [55.27102431247509, 55.26106018333998, 55.280988441610205, 55.30091669988043, 55.350737345556, 55.47030689517736, 55.559984057393386, 55.62973296133918, 55.92865683539259, 56.29732961339179, 56.91510561976883, 57.512953367875646, 58.459545635711436, 59.6751693901953, 61.11000398565165, 62.57473096851335, 63.98963730569948, 65.48425667596652, 66.73973694699083, 67.51693901952969, 68.13471502590673, 68.5532084495815, 68.8421681944998, 69.05141490633719, 69.15105619768832, 69.20087684336389, 69.25069748903945, 69.30051813471502, 69.31048226385013, 69.30051813471502, 69.30051813471502, 69.2805898764448, 69.2905540055799, 69.30051813471502, 69.31048226385013, 69.33041052212036, 69.2805898764448, 69.2805898764448, 69.27062574730968], "flops": [583625792.0, 583520768.0, 584045888.0, 583678336.0, 584728384.0, 586723584.0, 589926272.0, 595229120.0, 604417216.0, 617805632.0, 633924224.0, 660491072.0, 696928512.0, 746491840.0, 810966208.0, 893449280.0, 995831168.0, 1106613632.0, 1240917760.0, 1371336704.0, 1497450240.0, 1612065536.0, 1702791552.0, 1784276992.0, 1846651392.0, 1901779968.0, 1943152768.0, 1978540160.0, 2008677248.0, 2029836032.0, 2049787520.0, 2063595904.0, 2076564352.0, 2087905024.0, 2095885696.0, 2102553600.0, 2109274112.0, 2114524416.0, 2118934656.0]}