{"test": [54.88, 54.88, 54.9, 54.88, 54.91, 55.0, 55.12, 55.23, 55.52, 55.96, 56.54, 57.36, 58.03, 59.15, 60.56, 62.2, 63.79, 65.43, 66.5, 67.57, 68.55, 69.05, 69.28, 69.38, 69.39, 69.45, 69.48, 69.52, 69.52, 69.54, 69.53, 69.55, 69.54, 69.53, 69.53, 69.51, 69.51, 69.49, 69.49], "val": [55.27102431247509, 55.26106018333998, 55.280988441610205, 55.30091669988043, 55.350737345556, 55.47030689517736, 55.559984057393386, 55.62973296133918, 55.92865683539259, 56.29732961339179, 56.91510561976883, 57.512953367875646, 58.459545635711436, 59.6751693901953, 61.11000398565165, 62.57473096851335, 63.98963730569948, 65.48425667596652, 66.73973694699083, 67.51693901952969, 68.13471502590673, 68.5532084495815, 68.8421681944998, 69.05141490633719, 69.15105619768832, 69.20087684336389, 69.25069748903945, 69.30051813471502, 69.31048226385013, 69.30051813471502, 69.30051813471502, 69.2805898764448, 69.2905540055799, 69.30051813471502, 69.31048226385013, 69.33041052212036, 69.2805898764448, 69.2805898764448, 69.27062574730968], "flops": [1.0015000104904175, 1.0012999773025513, 1.0023000240325928, 1.001599907875061, 1.003600001335144, 1.0073999166488647, 1.0135000944137573, 1.0235999822616577, 1.041100025177002, 1.06659996509552, 1.0973000526428223, 1.147900104522705, 1.2172999382019043, 1.3117001056671143, 1.434499979019165, 1.5916000604629517, 1.7865999937057495, 1.9976000785827637, 2.2534000873565674, 2.501800060272217, 2.742000102996826, 2.9602999687194824, 3.1331000328063965, 3.288300037384033, 3.407100200653076, 3.5120999813079834, 3.59089994430542, 3.6582999229431152, 3.715700149536133, 3.75600004196167, 3.7940001487731934, 3.8202998638153076, 3.8450000286102295, 3.8666000366210938, 3.8818001747131348, 3.8944997787475586, 3.9072999954223633, 3.91729998588562, 3.9256999492645264]}