{"test": [53.67, 53.66, 53.69, 53.74, 53.8, 53.86, 54.08, 54.33, 54.63, 55.16, 55.86, 56.84, 58.16, 59.51, 61.23, 62.86, 64.78, 66.41, 68.09, 68.78, 69.67, 69.97, 69.86, 70.11, 70.07, 70.17, 70.28, 70.31, 70.31, 70.29, 70.29, 70.3, 70.3, 70.3, 70.3, 70.3, 70.3, 70.3, 70.3], "val": [53.5173375846951, 53.5173375846951, 53.52730171383021, 53.537265842965326, 53.55719410123555, 53.61697887604623, 53.78636907134317, 53.80629732961339, 54.204862495017935, 54.73296133917896, 55.5001992825827, 56.54643284176963, 57.911518533280194, 59.43603029095257, 61.04025508170586, 63.32204065364687, 65.43443603029095, 66.92905540055798, 68.28417696293344, 69.26066161817457, 69.7987245914707, 69.95815065763253, 70.27700278995616, 70.28696691909127, 70.39657233957752, 70.37664408130729, 70.39657233957752, 70.47628537265842, 70.48624950179354, 70.42646472698286, 70.42646472698286, 70.39657233957752, 70.39657233957752, 70.40653646871263, 70.40653646871263, 70.40653646871263, 70.40653646871263, 70.40653646871263, 70.40653646871263], "flops": [1.0002999305725098, 1.000599980354309, 1.0003999471664429, 1.0027999877929688, 1.0051000118255615, 1.0091999769210815, 1.0160000324249268, 1.0260999202728271, 1.0435999631881714, 1.0672999620437622, 1.1035000085830688, 1.1548999547958374, 1.2233999967575073, 1.312600016593933, 1.444100022315979, 1.594499945640564, 1.7798000574111938, 2.006200075149536, 2.257200002670288, 2.503700017929077, 2.7470998764038086, 2.9549999237060547, 3.1364998817443848, 3.2892000675201416, 3.4151999950408936, 3.5185999870300293, 3.599299907684326, 3.666100025177002, 3.7167000770568848, 3.7604000568389893, 3.791599988937378, 3.8234000205993652, 3.847599983215332, 3.866299867630005, 3.8847999572753906, 3.896199941635132, 3.905600070953369, 3.915299892425537, 3.9256999492645264]}