{"test": [37.72, 37.72, 37.72, 37.77, 37.87, 37.95, 38.16, 38.47, 38.92, 39.59, 40.74, 41.87, 43.25, 45.6, 48.37, 51.64, 55.23, 58.96, 62.37, 65.29, 67.71, 69.14, 69.83, 70.48, 70.81, 70.89, 71.07, 71.12, 71.13, 71.15, 71.15, 71.16, 71.14, 71.14, 71.15, 71.14, 71.15, 71.15, 71.15], "val": [37.70426464726983, 37.70426464726983, 37.714228776404944, 37.774013551215624, 37.87365484256676, 37.94340374651255, 38.13272220007971, 38.46153846153846, 38.94978078915903, 39.53766440813073, 40.37465125548027, 41.600239139099244, 43.17457154244719, 45.296931048226384, 48.116779593463534, 51.295336787564764, 54.80271024312475, 58.858110801115984, 61.946990833001195, 64.94619370267039, 66.95894778796333, 68.7026703866082, 69.7987245914707, 70.41650059784774, 70.80510163411718, 71.0442407333599, 71.11398963730569, 71.10402550817058, 71.1837385412515, 71.17377441211639, 71.15384615384616, 71.23355918692707, 71.20366679952173, 71.21363092865684, 71.22359505779195, 71.22359505779195, 71.23355918692707, 71.23355918692707, 71.23355918692707], "flops": [583153344.0, 583153280.0, 583153280.0, 583993344.0, 585148480.0, 588403648.0, 591973888.0, 598064320.0, 606359872.0, 620115840.0, 639752128.0, 664008704.0, 696456064.0, 746701888.0, 810493696.0, 887726400.0, 992891008.0, 1114174208.0, 1240707840.0, 1372281600.0, 1506480768.0, 1616738304.0, 1711822208.0, 1791575040.0, 1856679552.0, 1905350272.0, 1951448320.0, 1986205696.0, 2011040000.0, 2033511424.0, 2050627584.0, 2065118464.0, 2080029568.0, 2089585280.0, 2097933184.0, 2105546368.0, 2110534144.0, 2116519552.0, 2120457216.0]}