{"test": [37.72, 37.72, 37.72, 37.77, 37.87, 37.95, 38.16, 38.47, 38.92, 39.59, 40.74, 41.87, 43.25, 45.6, 48.37, 51.64, 55.23, 58.96, 62.37, 65.29, 67.71, 69.14, 69.83, 70.48, 70.81, 70.89, 71.07, 71.12, 71.13, 71.15, 71.15, 71.16, 71.14, 71.14, 71.15, 71.14, 71.15, 71.15, 71.15], "val": [37.70426464726983, 37.70426464726983, 37.714228776404944, 37.774013551215624, 37.87365484256676, 37.94340374651255, 38.13272220007971, 38.46153846153846, 38.94978078915903, 39.53766440813073, 40.37465125548027, 41.600239139099244, 43.17457154244719, 45.296931048226384, 48.116779593463534, 51.295336787564764, 54.80271024312475, 58.858110801115984, 61.946990833001195, 64.94619370267039, 66.95894778796333, 68.7026703866082, 69.7987245914707, 70.41650059784774, 70.80510163411718, 71.0442407333599, 71.11398963730569, 71.10402550817058, 71.1837385412515, 71.17377441211639, 71.15384615384616, 71.23355918692707, 71.20366679952173, 71.21363092865684, 71.22359505779195, 71.22359505779195, 71.23355918692707, 71.23355918692707, 71.23355918692707], "flops": [1.000599980354309, 1.000599980354309, 1.000599980354309, 1.0022000074386597, 1.0044000148773193, 1.010599970817566, 1.0174000263214111, 1.0290000438690186, 1.044800043106079, 1.0709999799728394, 1.1084001064300537, 1.154599905014038, 1.2164000272750854, 1.3121000528335571, 1.4335999488830566, 1.5807000398635864, 1.7809998989105225, 2.01200008392334, 2.252999782562256, 2.5036001205444336, 2.759200096130371, 2.9692001342773438, 3.1503000259399414, 3.3022000789642334, 3.4261999130249023, 3.518899917602539, 3.6066999435424805, 3.6728999614715576, 3.7202000617980957, 3.763000011444092, 3.795599937438965, 3.823199987411499, 3.851600170135498, 3.869800090789795, 3.885699987411499, 3.9001998901367188, 3.9097001552581787, 3.921099901199341, 3.9286000728607178]}