{"test": [52.54, 52.57, 52.6, 52.61, 52.66, 52.77, 52.91, 53.29, 53.53, 54.13, 54.84, 55.61, 56.81, 58.13, 59.82, 61.62, 63.98, 66.25, 68.08, 69.03, 69.81, 70.23, 70.42, 70.52, 70.55, 70.62, 70.6, 70.61, 70.63, 70.66, 70.66, 70.67, 70.66, 70.66, 70.66, 70.66, 70.66, 70.65, 70.65], "val": [52.491032283778395, 52.491032283778395, 52.491032283778395, 52.520924671183735, 52.58070944599442, 52.6404942208051, 52.84974093264249, 53.10880829015544, 53.46751693901953, 54.19489836588282, 55.061777600637704, 56.05819051414906, 57.12435233160622, 58.58907931446792, 60.083698684734955, 61.98684734954165, 64.4479872459147, 66.18174571542447, 67.39736946990833, 68.54324432044639, 69.60940613790355, 70.01793543244321, 70.52610601833399, 70.8250298923874, 71.03427660422479, 71.05420486249501, 71.0442407333599, 71.01434834595456, 71.06416899163013, 71.06416899163013, 71.05420486249501, 71.05420486249501, 71.05420486249501, 71.05420486249501, 71.05420486249501, 71.05420486249501, 71.05420486249501, 71.06416899163013, 71.05420486249501], "flops": [583310784.0, 583678336.0, 584413376.0, 584413440.0, 587826112.0, 591081280.0, 593654016.0, 600952064.0, 608249920.0, 620063296.0, 640539648.0, 665898880.0, 701706304.0, 752529792.0, 816531520.0, 900327296.0, 997931328.0, 1117744384.0, 1248005760.0, 1379159552.0, 1505850624.0, 1621516032.0, 1711717120.0, 1792362496.0, 1855629312.0, 1909970432.0, 1951185920.0, 1982583040.0, 2009044736.0, 2031043712.0, 2048527488.0, 2063438336.0, 2075619200.0, 2084597248.0, 2094363136.0, 2100505856.0, 2108224000.0, 2113526784.0, 2118619648.0]}