{"test": [52.54, 52.57, 52.6, 52.61, 52.66, 52.77, 52.91, 53.29, 53.53, 54.13, 54.84, 55.61, 56.81, 58.13, 59.82, 61.62, 63.98, 66.25, 68.08, 69.03, 69.81, 70.23, 70.42, 70.52, 70.55, 70.62, 70.6, 70.61, 70.63, 70.66, 70.66, 70.67, 70.66, 70.66, 70.66, 70.66, 70.66, 70.65, 70.65], "val": [52.491032283778395, 52.491032283778395, 52.491032283778395, 52.520924671183735, 52.58070944599442, 52.6404942208051, 52.84974093264249, 53.10880829015544, 53.46751693901953, 54.19489836588282, 55.061777600637704, 56.05819051414906, 57.12435233160622, 58.58907931446792, 60.083698684734955, 61.98684734954165, 64.4479872459147, 66.18174571542447, 67.39736946990833, 68.54324432044639, 69.60940613790355, 70.01793543244321, 70.52610601833399, 70.8250298923874, 71.03427660422479, 71.05420486249501, 71.0442407333599, 71.01434834595456, 71.06416899163013, 71.06416899163013, 71.05420486249501, 71.05420486249501, 71.05420486249501, 71.05420486249501, 71.05420486249501, 71.05420486249501, 71.05420486249501, 71.06416899163013, 71.05420486249501], "flops": [1.0009000301361084, 1.0016000270843506, 1.0029999017715454, 1.003000020980835, 1.0095000267028809, 1.0156999826431274, 1.0206000804901123, 1.0344998836517334, 1.0484000444412231, 1.0709000825881958, 1.1098999977111816, 1.1582000255584717, 1.2264000177383423, 1.323199987411499, 1.445099949836731, 1.604699969291687, 1.790600061416626, 2.0188000202178955, 2.266900062561035, 2.516700029373169, 2.757999897003174, 2.978299856185913, 3.150099992752075, 3.3036999702453613, 3.4241998195648193, 3.5276999473571777, 3.6062002182006836, 3.6660001277923584, 3.716400146484375, 3.7582998275756836, 3.791599988937378, 3.819999933242798, 3.8431999683380127, 3.860299825668335, 3.8789000511169434, 3.8905999660491943, 3.9053001403808594, 3.9154000282287598, 3.925100088119507]}