{"test": [53.2, 53.2, 53.2, 53.24, 53.3, 53.43, 53.58, 53.92, 54.35, 54.79, 55.36, 56.05, 57.4, 58.82, 60.3, 61.98, 63.73, 65.39, 66.74, 67.48, 67.78, 68.39, 68.49, 68.55, 68.53, 68.55, 68.49, 68.49, 68.49, 68.52, 68.52, 68.52, 68.53, 68.53, 68.52, 68.52, 68.52, 68.52, 68.52], "val": [52.83977680350738, 52.84974093264249, 52.86966919091272, 52.89956157831806, 52.949382223993624, 53.039059386209644, 53.1486648066959, 53.41769629334396, 53.626943005181346, 54.234754882423275, 54.912315663611004, 55.7194101235552, 57.00478278198486, 58.339976086090076, 59.65524113192507, 61.727779992028694, 63.64089278597051, 64.96612196094061, 66.89916301315264, 68.05500199282582, 68.77241929055401, 69.2805898764448, 69.63929852530889, 69.70904742925468, 69.87843762455161, 69.93822239936229, 69.94818652849742, 69.94818652849742, 69.92825827022718, 69.94818652849742, 69.92825827022718, 69.91829414109206, 69.91829414109206, 69.91829414109206, 69.91829414109206, 69.90833001195695, 69.90833001195695, 69.90833001195695, 69.90833001195695], "flops": [1.0, 1.0, 1.000100016593933, 1.0009000301361084, 1.0048999786376953, 1.01010000705719, 1.015200138092041, 1.0289000272750854, 1.0465999841690063, 1.0713000297546387, 1.105699896812439, 1.1445000171661377, 1.2144999504089355, 1.313099980354309, 1.432900071144104, 1.5876001119613647, 1.792600154876709, 2.021399974822998, 2.269700050354004, 2.526400089263916, 2.765699863433838, 2.979300022125244, 3.1572999954223633, 3.3045997619628906, 3.4219000339508057, 3.520699977874756, 3.6087000370025635, 3.675600051879883, 3.7221999168395996, 3.7613000869750977, 3.793599843978882, 3.8173000812530518, 3.8398001194000244, 3.8592000007629395, 3.8780999183654785, 3.8929998874664307, 3.9042000770568848, 3.9163999557495117, 3.925600051879883]}