{"test": [50.91, 50.92, 50.91, 50.96, 51.08, 51.23, 51.46, 51.77, 52.17, 52.86, 53.45, 54.55, 55.79, 57.23, 58.84, 61.01, 62.91, 64.73, 66.45, 67.56, 68.45, 68.97, 69.1, 69.37, 69.46, 69.48, 69.51, 69.45, 69.47, 69.51, 69.5, 69.5, 69.51, 69.52, 69.52, 69.52, 69.52, 69.52, 69.52], "val": [50.74730968513352, 50.757273814268636, 50.77720207253886, 50.79713033080909, 50.82702271821443, 50.88680749302511, 51.10601833399761, 51.38501394978079, 51.8333997608609, 52.30171383021124, 53.0789159027501, 54.085292945396574, 55.26106018333998, 56.685930649661216, 58.62893583100837, 60.691510561976884, 62.614587485053804, 64.71701873256278, 66.51056197688322, 67.93543244320446, 68.6229573535273, 69.1410920685532, 69.51972897568753, 69.75886807493025, 69.83858110801116, 69.91829414109206, 69.93822239936229, 69.94818652849742, 69.92825827022718, 69.93822239936229, 69.92825827022718, 69.92825827022718, 69.92825827022718, 69.92825827022718, 69.92825827022718, 69.92825827022718, 69.92825827022718, 69.91829414109206, 69.91829414109206], "flops": [584735488.0, 585372544.0, 585318400.0, 586589376.0, 588967872.0, 591296448.0, 594998400.0, 601185088.0, 610335168.0, 624091648.0, 640230784.0, 664524480.0, 696020672.0, 742257152.0, 810029248.0, 892241408.0, 993244416.0, 1113547776.0, 1251765504.0, 1385417728.0, 1516605696.0, 1632383744.0, 1728120064.0, 1806602752.0, 1871866368.0, 1926250112.0, 1967249536.0, 2002092288.0, 2029759616.0, 2049876992.0, 2067385344.0, 2080211584.0, 2092663680.0, 2103470848.0, 2112467456.0, 2119707392.0, 2126685568.0, 2130945408.0, 2134888192.0]}