{"test": [45.18, 45.2, 45.24, 45.25, 45.3, 45.45, 45.7, 46.07, 46.5, 47.04, 47.71, 48.57, 49.81, 51.55, 53.85, 56.3, 59.16, 61.36, 63.5, 65.37, 66.34, 66.93, 67.45, 67.63, 67.78, 67.83, 67.82, 67.82, 67.79, 67.79, 67.77, 67.78, 67.78, 67.78, 67.78, 67.79, 67.79, 67.78, 67.78], "val": [45.12754085292946, 45.13750498206457, 45.14746911119968, 45.19728975687525, 45.28696691909127, 45.40653646871264, 45.635711438820245, 45.914707054603426, 46.373056994818654, 46.87126345157433, 47.73814268632921, 48.704663212435236, 50.06974890394579, 51.95296931048227, 54.115185332801914, 56.626145874850536, 59.04742925468314, 61.83738541251495, 64.08927859705062, 65.97249900358709, 67.02869669190913, 67.70625747309685, 68.07493025109605, 68.29414109206856, 68.51335193304105, 68.56317257871662, 68.71263451574332, 68.7026703866082, 68.77241929055401, 68.73256277401354, 68.74252690314866, 68.73256277401354, 68.73256277401354, 68.73256277401354, 68.73256277401354, 68.73256277401354, 68.73256277401354, 68.73256277401354, 68.73256277401354], "flops": [757736448.0, 758576576.0, 759224064.0, 759329088.0, 760554176.0, 763424384.0, 767624704.0, 773715072.0, 783778304.0, 795486592.0, 811780224.0, 834601920.0, 868572160.0, 913918592.0, 974071040.0, 1057414400.0, 1154392064.0, 1265757440.0, 1382934784.0, 1502598144.0, 1613074432.0, 1710179072.0, 1794035584.0, 1871119232.0, 1925292288.0, 1967790976.0, 2000977920.0, 2026376320.0, 2048939264.0, 2064903296.0, 2078189312.0, 2090057600.0, 2098722304.0, 2106477056.0, 2111553664.0, 2116945280.0, 2120954112.0, 2124945408.0, 2128429184.0]}