{"test": [45.18, 45.2, 45.24, 45.25, 45.3, 45.45, 45.7, 46.07, 46.5, 47.04, 47.71, 48.57, 49.81, 51.55, 53.85, 56.3, 59.16, 61.36, 63.5, 65.37, 66.34, 66.93, 67.45, 67.63, 67.78, 67.83, 67.82, 67.82, 67.79, 67.79, 67.77, 67.78, 67.78, 67.78, 67.78, 67.79, 67.79, 67.78, 67.78], "val": [45.12754085292946, 45.13750498206457, 45.14746911119968, 45.19728975687525, 45.28696691909127, 45.40653646871264, 45.635711438820245, 45.914707054603426, 46.373056994818654, 46.87126345157433, 47.73814268632921, 48.704663212435236, 50.06974890394579, 51.95296931048227, 54.115185332801914, 56.626145874850536, 59.04742925468314, 61.83738541251495, 64.08927859705062, 65.97249900358709, 67.02869669190913, 67.70625747309685, 68.07493025109605, 68.29414109206856, 68.51335193304105, 68.56317257871662, 68.71263451574332, 68.7026703866082, 68.77241929055401, 68.73256277401354, 68.74252690314866, 68.73256277401354, 68.73256277401354, 68.73256277401354, 68.73256277401354, 68.73256277401354, 68.73256277401354, 68.73256277401354, 68.73256277401354], "flops": [1.0, 1.0018000602722168, 1.003100037574768, 1.003100037574768, 1.0053999423980713, 1.0109000205993652, 1.0189000368118286, 1.030500054359436, 1.0498000383377075, 1.0721999406814575, 1.1033000946044922, 1.14739990234375, 1.2132998704910278, 1.3018999099731445, 1.4193999767303467, 1.5859999656677246, 1.7812000513076782, 2.009199857711792, 2.2520999908447266, 2.5027999877929688, 2.738999843597412, 2.9479000568389893, 3.132200002670288, 3.303800106048584, 3.4272000789642334, 3.5248000621795654, 3.6022000312805176, 3.662400007247925, 3.7168002128601074, 3.75600004196167, 3.7890000343322754, 3.819000005722046, 3.8403000831604004, 3.8601999282836914, 3.873500108718872, 3.887399911880493, 3.898200035095215, 3.9089999198913574, 3.918100118637085]}