{"test": [82.87492317148126, 82.87492317148126, 82.87492317148126, 82.90181315304241, 82.95559311616472, 83.05162876459742, 83.30900430239706, 83.60479409956976, 83.97741241548863, 84.42301782421634, 84.96465888137676, 85.62154271665642, 86.28226797787339, 86.64336201598033, 87.03134603564843, 87.11969883220651, 87.11969883220651, 87.03902888752305, 86.96988322065151, 86.93531038721574, 86.93146896127843, 86.9161032575292, 86.9237861094038, 86.9199446834665, 86.9199446834665, 86.9199446834665, 86.9199446834665, 86.9199446834665, 86.9199446834665, 86.9199446834665, 86.9199446834665, 86.9199446834665, 86.9199446834665, 86.9199446834665, 86.9199446834665, 86.9199446834665, 86.9199446834665, 86.9199446834665, 86.9199446834665], "val": [88.46546941159293, 88.46546941159293, 88.47276974740838, 88.49467075485472, 88.54577310556286, 88.5676741130092, 88.7355818367645, 89.04949627682873, 89.35611038107753, 89.82333187326617, 90.3197547087166, 90.99138560373777, 91.61191414805081, 91.96963060300774, 92.45145276682727, 92.43685209519639, 92.48065411008906, 92.60475981895168, 92.56825813987443, 92.46605343845818, 92.45875310264272, 92.48065411008906, 92.49525478171996, 92.49525478171996, 92.49525478171996, 92.49525478171996, 92.49525478171996, 92.4879544459045, 92.4879544459045, 92.4879544459045, 92.4879544459045, 92.4879544459045, 92.4879544459045, 92.4879544459045, 92.4879544459045, 92.4879544459045, 92.4879544459045, 92.4879544459045, 92.4879544459045], "flops": [1.0002304315567017, 1.0000767707824707, 1.0000767707824707, 1.0013829469680786, 1.0029963254928589, 1.0072603225708008, 1.018208384513855, 1.033727765083313, 1.0530116558074951, 1.081937551498413, 1.1255762577056885, 1.1824676990509033, 1.2627918720245361, 1.3715811967849731, 1.520782232284546, 1.706668734550476, 1.9561309814453125, 2.2291409969329834, 2.5084128379821777, 2.7772741317749023, 3.0162110328674316, 3.2218809127807617, 3.3927857875823975, 3.5255069732666016, 3.6178934574127197, 3.693300485610962, 3.754878520965576, 3.7986326217651367, 3.828749179840088, 3.857060432434082, 3.8781116008758545, 3.895897388458252, 3.908381938934326, 3.9209818840026855, 3.9297404289245605, 3.9384219646453857, 3.945835828781128, 3.950599431991577, 3.9569759368896484]}