{"test": [82.10279655808236, 82.10279655808236, 82.10279655808236, 82.13352796558083, 82.19883220651506, 82.3140749846343, 82.52535341118623, 82.88644744929317, 83.26290719114935, 83.8160725261217, 84.45374923171481, 85.2220344191764, 85.90964966195452, 86.61647203441917, 87.0159803318992, 87.21573448063921, 87.32329440688383, 87.39628149969269, 87.37323294406883, 87.37323294406883, 87.37707437000614, 87.36939151813154, 87.36939151813154, 87.37707437000614, 87.37323294406883, 87.37323294406883, 87.37323294406883, 87.37323294406883, 87.37323294406883, 87.37323294406883, 87.37323294406883, 87.37323294406883, 87.37323294406883, 87.37323294406883, 87.37323294406883, 87.37323294406883, 87.37323294406883, 87.37323294406883, 87.37323294406883], "val": [87.552927434662, 87.552927434662, 87.57482844210834, 87.54562709884655, 87.57482844210834, 87.72083515841729, 87.94714556869616, 88.30486202365309, 88.63337713534823, 89.06409694845964, 89.57512045554095, 90.3051540370857, 90.85267922324427, 91.59001314060447, 92.11563731931669, 92.56825813987443, 92.56825813987443, 92.70696452036793, 92.6704628412907, 92.6558621696598, 92.68506351292159, 92.69966418455249, 92.70696452036793, 92.71426485618339, 92.71426485618339, 92.71426485618339, 92.71426485618339, 92.71426485618339, 92.71426485618339, 92.71426485618339, 92.71426485618339, 92.71426485618339, 92.71426485618339, 92.71426485618339, 92.71426485618339, 92.71426485618339, 92.71426485618339, 92.71426485618339, 92.71426485618339], "flops": [1.0003457069396973, 1.0001152753829956, 1.0005377531051636, 1.0011909008026123, 1.0036877393722534, 1.0081053972244263, 1.0168639421463013, 1.0315381288528442, 1.0515904426574707, 1.0828596353530884, 1.1241165399551392, 1.1796634197235107, 1.2559157609939575, 1.3655116558074951, 1.5134450197219849, 1.698793888092041, 1.9380377531051636, 2.2178854942321777, 2.4892826080322266, 2.75783634185791, 3.001498222351074, 3.212277412414551, 3.38291335105896, 3.515442371368408, 3.612630605697632, 3.690342664718628, 3.749884605407715, 3.7925631999969482, 3.8253302574157715, 3.8519129753112793, 3.8761138916015625, 3.8959741592407227, 3.911954402923584, 3.9221343994140625, 3.9337737560272217, 3.941840887069702, 3.947295665740967, 3.9534802436828613, 3.958512544631958]}