{"test": [78.72234173325138, 78.72234173325138, 78.7261831591887, 78.79148740012293, 78.88752304855562, 79.08727719729563, 79.33696988322065, 79.74416103257529, 80.36263060848187, 81.200061462815, 82.03365089121081, 83.22449293177627, 84.38460356484327, 85.43331284572834, 86.36293792255685, 86.74323909035034, 87.1619545175169, 87.38859864781807, 87.46926859250154, 87.50768285187462, 87.53073140749846, 87.53457283343577, 87.53841425937308, 87.53073140749846, 87.52688998156115, 87.52304855562384, 87.52304855562384, 87.52304855562384, 87.52304855562384, 87.52304855562384, 87.52304855562384, 87.52304855562384, 87.52304855562384, 87.52304855562384, 87.52304855562384, 87.52304855562384, 87.52304855562384, 87.52304855562384, 87.52304855562384], "val": [85.69134180172288, 85.69134180172288, 85.69864213753833, 85.72784348080012, 85.82274784640093, 85.95415389107899, 86.19506497298876, 86.56738209957658, 87.04920426339612, 87.61863045700102, 88.50197109067017, 89.3196087020003, 90.23215067893123, 91.21769601401664, 91.68491750620528, 92.32004672214921, 92.58285881150533, 92.76536720689151, 92.88217257993868, 92.8529712366769, 92.84567090086144, 92.86027157249234, 92.8529712366769, 92.84567090086144, 92.84567090086144, 92.84567090086144, 92.84567090086144, 92.84567090086144, 92.84567090086144, 92.84567090086144, 92.84567090086144, 92.84567090086144, 92.84567090086144, 92.84567090086144, 92.84567090086144, 92.84567090086144, 92.84567090086144, 92.84567090086144, 92.84567090086144], "flops": [1.0, 1.0001152753829956, 1.0003840923309326, 1.0020359754562378, 1.0048402547836304, 1.0122157335281372, 1.0215120315551758, 1.037492275238037, 1.0578902959823608, 1.0886602401733398, 1.1308389902114868, 1.187807321548462, 1.2638291120529175, 1.3748078346252441, 1.5180931091308594, 1.6847724914550781, 1.904924750328064, 2.1517746448516846, 2.3992393016815186, 2.6195452213287354, 2.851375102996826, 3.0512444972991943, 3.211124897003174, 3.356753349304199, 3.4831361770629883, 3.576521158218384, 3.6465888023376465, 3.7030961513519287, 3.744199514389038, 3.7759296894073486, 3.8070836067199707, 3.8360095024108887, 3.8587892055511475, 3.8805317878723145, 3.899047374725342, 3.9130301475524902, 3.924285411834717, 3.93507981300354, 3.9437999725341797]}