{"test": [77.5238168408113, 77.5238168408113, 77.53149969268593, 77.55838967424708, 77.59296250768286, 77.61985248924401, 77.73125384142594, 77.91564228641671, 78.08082360172097, 78.3458819913952, 78.6762446220037, 79.07191149354641, 79.49830977258759, 79.96696373693915, 80.32037492317149, 80.45866625691457, 80.60464044253227, 80.80055316533497, 80.84280885064535, 80.84665027658266, 80.86969883220651, 80.82360172095882, 80.8159188690842, 80.8159188690842, 80.8159188690842, 80.8159188690842, 80.8159188690842, 80.8159188690842, 80.8159188690842, 80.8159188690842, 80.8159188690842, 80.8159188690842, 80.8159188690842, 80.8159188690842, 80.8159188690842, 80.8159188690842, 80.8159188690842, 80.8159188690842, 80.8159188690842], "val": [84.6035917652212, 84.6035917652212, 84.59629142940575, 84.6035917652212, 84.6181924368521, 84.64739378011389, 84.79340049642283, 84.91750620528545, 85.02701124251716, 85.25332165279603, 85.53073441378304, 85.85194918966272, 86.17316396554241, 86.41407504745219, 86.63308512191561, 86.76449116659366, 86.99810191268799, 87.05650459921156, 87.07110527084245, 87.11490728573514, 87.08570594247335, 87.10030661410426, 87.12220762155059, 87.12220762155059, 87.11490728573514, 87.11490728573514, 87.11490728573514, 87.11490728573514, 87.11490728573514, 87.11490728573514, 87.11490728573514, 87.11490728573514, 87.11490728573514, 87.11490728573514, 87.11490728573514, 87.11490728573514, 87.11490728573514, 87.11490728573514, 87.11490728573514], "flops": [1.0005762577056885, 1.0008450746536255, 1.0009219646453857, 1.0019590854644775, 1.0048786401748657, 1.0086432695388794, 1.0159803628921509, 1.0293869972229004, 1.0474799871444702, 1.0792102813720703, 1.1180084943771362, 1.1768208742141724, 1.2573370933532715, 1.3693146705627441, 1.5203211307525635, 1.7066686153411865, 1.9419560432434082, 2.2009835243225098, 2.479217767715454, 2.747349262237549, 2.983750820159912, 3.191725492477417, 3.3555240631103516, 3.4923171997070312, 3.5958051681518555, 3.670405626296997, 3.731445789337158, 3.781153917312622, 3.8194146156311035, 3.848609447479248, 3.871196985244751, 3.8908650875091553, 3.905193567276001, 3.9165642261505127, 3.927473783493042, 3.9363858699798584, 3.9443376064300537, 3.9508297443389893, 3.956515073776245]}