{"test": [78.730024585126, 78.74539028887523, 78.76075599262447, 78.79532882606023, 78.86063306699447, 78.96435156730178, 79.17178856791641, 79.59818684695759, 80.10525507068223, 80.64689612784265, 81.35755992624462, 82.39858635525508, 83.51644130301167, 84.35771358328212, 85.2258758451137, 86.02105101413645, 86.4320835894284, 86.68945912722803, 86.73171481253841, 86.76628764597419, 86.7778119237861, 86.78933620159803, 86.79701905347265, 86.79317762753534, 86.79701905347265, 86.79701905347265, 86.79701905347265, 86.79701905347265, 86.79701905347265, 86.79701905347265, 86.79701905347265, 86.79701905347265, 86.79701905347265, 86.79701905347265, 86.79701905347265, 86.79701905347265, 86.79701905347265, 86.79701905347265, 86.79701905347265], "val": [84.84450284713097, 84.85180318294641, 84.8810045262082, 84.91750620528545, 84.96860855599357, 85.04161191414805, 85.23142064534969, 85.57453642867571, 85.93225288363264, 86.55278142794569, 87.30471601693678, 88.11505329245145, 88.91809023215067, 89.83793254489707, 90.74317418601255, 91.44400642429552, 92.071835304424, 92.28354504307198, 92.3638487370419, 92.44415243101183, 92.45875310264272, 92.47335377427362, 92.45145276682727, 92.44415243101183, 92.44415243101183, 92.43685209519639, 92.43685209519639, 92.43685209519639, 92.43685209519639, 92.43685209519639, 92.43685209519639, 92.43685209519639, 92.43685209519639, 92.43685209519639, 92.43685209519639, 92.43685209519639, 92.43685209519639, 92.43685209519639, 92.43685209519639], "flops": [1.0009219646453857, 1.0018439292907715, 1.0019207000732422, 1.0027273893356323, 1.0046097040176392, 1.0104870796203613, 1.0197066068649292, 1.0364935398101807, 1.055854320526123, 1.0853949785232544, 1.1251152753829956, 1.1850030422210693, 1.2626383304595947, 1.3673555850982666, 1.5067609548568726, 1.6953365802764893, 1.9205209016799927, 2.1972572803497314, 2.4688844680786133, 2.7430472373962402, 2.9837121963500977, 3.180624008178711, 3.3369312286376953, 3.46366024017334, 3.558159351348877, 3.6365628242492676, 3.6973724365234375, 3.745774507522583, 3.782959461212158, 3.815150737762451, 3.8388519287109375, 3.8610939979553223, 3.876267433166504, 3.8898277282714844, 3.9011600017547607, 3.911839246749878, 3.921442985534668, 3.9274353981018066, 3.9360787868499756]}