{"test": [82.21035648432698, 82.2180393362016, 82.22956361401353, 82.24877074370006, 82.30639213275968, 82.48693915181315, 82.66748617086662, 82.93638598647819, 83.35894283958206, 83.88137676705593, 84.3500307314075, 84.99923171481254, 85.71757836508912, 86.38214505224339, 86.72019053472648, 86.99293177627536, 87.16963736939152, 87.28872157344806, 87.20421020282728, 87.17732022126613, 87.1619545175169, 87.14658881376766, 87.15427166564228, 87.1581130915796, 87.1619545175169, 87.1619545175169, 87.1581130915796, 87.1581130915796, 87.1581130915796, 87.1581130915796, 87.1581130915796, 87.1581130915796, 87.1581130915796, 87.1581130915796, 87.1581130915796, 87.1581130915796, 87.1581130915796, 87.1581130915796, 87.1581130915796], "val": [87.85954153891079, 87.85954153891079, 87.85954153891079, 87.89604321798802, 87.9544459045116, 87.94714556869616, 88.12235362826691, 88.39246605343845, 88.75018250839538, 89.16630164987589, 89.94743758212877, 90.56066579062637, 91.13739232004673, 91.72871952109797, 92.12293765513213, 92.40035041611914, 92.46605343845818, 92.52445612498175, 92.42225142356548, 92.40765075193458, 92.45145276682727, 92.49525478171996, 92.50255511753541, 92.50255511753541, 92.50255511753541, 92.50255511753541, 92.50985545335085, 92.50985545335085, 92.50985545335085, 92.50985545335085, 92.50985545335085, 92.50985545335085, 92.50255511753541, 92.50255511753541, 92.50255511753541, 92.50255511753541, 92.50255511753541, 92.50255511753541, 92.50255511753541], "flops": [1.0003457069396973, 1.0002304315567017, 1.0004609823226929, 1.001267671585083, 1.0034189224243164, 1.0092194080352783, 1.0184389352798462, 1.0322679281234741, 1.0553933382034302, 1.0849722623825073, 1.1250383853912354, 1.1834279298782349, 1.2670559883117676, 1.3715426921844482, 1.5228564739227295, 1.70962655544281, 1.9527888298034668, 2.2238783836364746, 2.5050323009490967, 2.7566070556640625, 3.0004608631134033, 3.211355209350586, 3.3752689361572266, 3.5057239532470703, 3.605485439300537, 3.681046485900879, 3.7400121688842773, 3.783381938934326, 3.819683313369751, 3.846266269683838, 3.8683927059173584, 3.886793375015259, 3.90035343170166, 3.9127228260040283, 3.921365976333618, 3.928434371948242, 3.9363090991973877, 3.9431467056274414, 3.948256015777588]}