{"test": [81.06945298094652, 81.07329440688383, 81.08097725875845, 81.1040258143823, 81.18469575906576, 81.32682851874615, 81.64950829748003, 81.96834665027659, 82.40242778119237, 82.93254456054088, 83.53948985863552, 84.33466502765826, 85.19514443761524, 85.74062692071297, 86.3360479409957, 86.6241548862938, 86.8200676090965, 86.84695759065765, 86.89305470190534, 86.90073755377996, 86.90073755377996, 86.90073755377996, 86.90457897971727, 86.90457897971727, 86.90457897971727, 86.90457897971727, 86.90457897971727, 86.90457897971727, 86.90457897971727, 86.90457897971727, 86.90457897971727, 86.90457897971727, 86.90457897971727, 86.90457897971727, 86.90457897971727, 86.90457897971727, 86.90457897971727, 86.90457897971727, 86.90457897971727], "val": [87.5237260914002, 87.53102642721565, 87.54562709884655, 87.57482844210834, 87.62593079281648, 87.72813549423273, 87.85954153891079, 88.12235362826691, 88.43626806833115, 88.92539056796613, 89.4437144108629, 90.12264564169952, 90.83807855161338, 91.71411884946707, 92.18864067747117, 92.4879544459045, 92.77996787852241, 92.88217257993868, 92.83107022923055, 92.7945685501533, 92.80186888596876, 92.8237698934151, 92.8237698934151, 92.83837056504599, 92.83837056504599, 92.83837056504599, 92.83837056504599, 92.83837056504599, 92.83837056504599, 92.83837056504599, 92.83837056504599, 92.83837056504599, 92.83837056504599, 92.83837056504599, 92.83837056504599, 92.83837056504599, 92.83837056504599, 92.83837056504599, 92.83837056504599], "flops": [1.0, 1.0000383853912354, 1.0006914138793945, 1.001306176185608, 1.00395667552948, 1.0097572803497314, 1.0202443599700928, 1.0339198112487793, 1.0553549528121948, 1.085471749305725, 1.1272279024124146, 1.1873080730438232, 1.2640211582183838, 1.3748078346252441, 1.527350902557373, 1.712469220161438, 1.9462969303131104, 2.2145819664001465, 2.478910446166992, 2.7558774948120117, 2.9983866214752197, 3.205554485321045, 3.37257981300354, 3.4985787868499756, 3.6003763675689697, 3.6796250343322754, 3.7417025566101074, 3.79118013381958, 3.825368881225586, 3.853564739227295, 3.8761138916015625, 3.8940534591674805, 3.9079208374023438, 3.9200599193573, 3.9307775497436523, 3.9400737285614014, 3.947295665740967, 3.952596664428711, 3.957897901535034]}