{"test": [77.06284572833435, 77.06284572833435, 77.07052858020897, 77.10125998770744, 77.20113706207745, 77.28180700676091, 77.48156115550093, 77.65826674861708, 78.00015365703749, 78.46112476951444, 79.13337430854334, 79.91318377381684, 80.72372464658882, 81.51505838967425, 82.18346650276582, 82.69821757836509, 83.04778733866011, 83.30132145052244, 83.37430854333128, 83.45881991395206, 83.45497848801475, 83.4741856177013, 83.48955132145052, 83.49339274738783, 83.49723417332514, 83.49723417332514, 83.49723417332514, 83.49723417332514, 83.49723417332514, 83.49723417332514, 83.49723417332514, 83.49723417332514, 83.49723417332514, 83.49723417332514, 83.49723417332514, 83.49723417332514, 83.49723417332514, 83.49723417332514, 83.49723417332514], "val": [83.80785516133741, 83.81515549715287, 83.82975616878376, 83.87355818367645, 83.93196087020003, 83.99036355672361, 84.09986859395532, 84.26047598189517, 84.41378303401956, 84.77149948897649, 85.23142064534969, 85.80814717477004, 86.26076799532778, 86.76449116659366, 87.34851803182947, 87.97634691195795, 88.48007008322382, 88.77208351584173, 88.93999123959702, 88.94729157541246, 89.02029493356694, 89.00569426193604, 89.02029493356694, 89.02759526938239, 89.02759526938239, 89.02759526938239, 89.02759526938239, 89.02759526938239, 89.02759526938239, 89.02759526938239, 89.02759526938239, 89.02759526938239, 89.02759526938239, 89.02759526938239, 89.02759526938239, 89.02759526938239, 89.02759526938239, 89.02759526938239, 89.02759526938239], "flops": [1.0013829469680786, 1.0013829469680786, 1.0008450746536255, 1.002535343170166, 1.0067609548568726, 1.0122541189193726, 1.0223956108093262, 1.0372234582901, 1.0585432052612305, 1.0891979932785034, 1.1284573078155518, 1.1817761659622192, 1.259757161140442, 1.3599799871444702, 1.500422477722168, 1.6734787225723267, 1.891902208328247, 2.1556544303894043, 2.4346189498901367, 2.6980254650115967, 2.9441840648651123, 3.145167350769043, 3.310925006866455, 3.4428396224975586, 3.542140483856201, 3.6215429306030273, 3.683159112930298, 3.7350568771362305, 3.7741241455078125, 3.805124521255493, 3.8335893154144287, 3.8546788692474365, 3.873232841491699, 3.88840651512146, 3.8997771739959717, 3.910379648208618, 3.9198296070098877, 3.9272048473358154, 3.9345037937164307]}