{"test": [53.41, 53.41, 53.43, 53.48, 53.49, 53.59, 53.69, 54.03, 54.37, 54.84, 55.39, 56.13, 57.15, 58.49, 59.55, 61.17, 62.95, 64.53, 65.62, 66.41, 66.84, 67.11, 67.12, 67.09, 67.05, 67.05, 67.01, 66.95, 66.95, 66.95, 66.94, 66.93, 66.94, 66.92, 66.92, 66.92, 66.92, 66.92, 66.92], "val": [53.86608210442407, 53.86608210442407, 53.8860103626943, 53.90593862096453, 53.955759266640094, 54.1052212036668, 54.18493423674771, 54.50378636907134, 54.72299721004384, 55.11159824631327, 55.709445994420086, 56.40693503387804, 57.25388601036269, 58.26026305300917, 59.6751693901953, 61.398963730569946, 62.774013551215624, 64.42805898764448, 65.62375448385811, 66.25149461937026, 66.84934236747708, 67.12833798326027, 67.02869669190913, 67.19808688720606, 67.20805101634117, 67.05858907931447, 67.04862495017936, 66.95894778796333, 66.94898365882821, 66.94898365882821, 66.9390195296931, 66.9390195296931, 66.91909127142287, 66.92905540055798, 66.92905540055798, 66.92905540055798, 66.92905540055798, 66.9390195296931, 66.9390195296931], "flops": [1.0002999305725098, 1.000599980354309, 1.000999927520752, 1.002099871635437, 1.0038000345230103, 1.0078999996185303, 1.0128000974655151, 1.0256999731063843, 1.041599988937378, 1.0656999349594116, 1.1011000871658325, 1.1469000577926636, 1.2138999700546265, 1.3104000091552734, 1.4284999370574951, 1.5784000158309937, 1.78249990940094, 2.0063998699188232, 2.2561001777648926, 2.4994001388549805, 2.7339000701904297, 2.9576001167297363, 3.1373000144958496, 3.2939000129699707, 3.412600040435791, 3.5127999782562256, 3.590099811553955, 3.652400016784668, 3.7070999145507812, 3.7492001056671143, 3.788300037384033, 3.8161001205444336, 3.8398001194000244, 3.861299991607666, 3.876999855041504, 3.8914999961853027, 3.904100179672241, 3.9136998653411865, 3.924800157546997]}