{"test": [54.41, 54.41, 54.43, 54.44, 54.52, 54.57, 54.7, 55.0, 55.33, 55.64, 56.14, 56.86, 58.0, 59.13, 60.3, 61.77, 62.96, 64.0, 64.93, 65.44, 65.53, 65.54, 65.37, 65.26, 65.2, 65.13, 65.1, 65.08, 65.05, 64.98, 64.98, 65.01, 65.0, 64.98, 64.96, 64.96, 64.96, 64.96, 64.95], "val": [54.7628537265843, 54.7628537265843, 54.78278198485452, 54.80271024312475, 54.85253088880032, 54.912315663611004, 55.04184934236748, 55.370665603826225, 55.62973296133918, 56.07811877241929, 56.626145874850536, 57.19410123555201, 58.05101634117178, 59.37624551614189, 60.701474691112, 62.345555998405736, 63.750498206456754, 65.08569151056197, 65.77321642088481, 66.58031088082902, 66.89916301315264, 67.1582303706656, 67.23794340374651, 67.10840972499004, 66.9390195296931, 66.85930649661219, 66.85930649661219, 66.76962933439617, 66.76962933439617, 66.73973694699083, 66.72977281785572, 66.69988043045038, 66.68991630131526, 66.69988043045038, 66.70984455958549, 66.70984455958549, 66.7198086887206, 66.7198086887206, 66.7198086887206], "flops": [1.0002999305725098, 1.0002999305725098, 1.0013999938964844, 1.0016000270843506, 1.00409996509552, 1.007699966430664, 1.0148999691009521, 1.027500033378601, 1.0434999465942383, 1.0683000087738037, 1.1021000146865845, 1.1460999250411987, 1.2167999744415283, 1.3065999746322632, 1.4402999877929688, 1.5956000089645386, 1.7797999382019043, 2.009999990463257, 2.2551000118255615, 2.5201001167297363, 2.745500087738037, 2.9685001373291016, 3.148699998855591, 3.2943997383117676, 3.4159998893737793, 3.516700029373169, 3.594299793243408, 3.656799793243408, 3.7037999629974365, 3.7516000270843506, 3.787600040435791, 3.817499876022339, 3.8411002159118652, 3.8639001846313477, 3.8817999362945557, 3.8945000171661377, 3.9062998294830322, 3.916599988937378, 3.925600051879883]}