{"test": [55.38, 55.36, 55.37, 55.37, 55.39, 55.46, 55.59, 55.83, 56.1, 56.45, 56.78, 57.33, 57.96, 58.57, 59.79, 60.9, 62.08, 63.12, 63.83, 64.11, 64.71, 65.03, 65.13, 65.09, 65.16, 65.09, 65.18, 65.15, 65.14, 65.15, 65.17, 65.22, 65.22, 65.22, 65.2, 65.2, 65.19, 65.2, 65.2], "val": [55.57991231566361, 55.57991231566361, 55.57991231566361, 55.60980470306895, 55.68951773614986, 55.739338381825426, 55.84894380231168, 56.008369868473494, 56.20765245117577, 56.43682742128338, 56.91510561976883, 57.5528098844161, 58.459545635711436, 59.26664009565564, 60.12355520127541, 61.000398565165405, 62.255878836189716, 63.28218413710642, 64.1490633718613, 64.54762853726584, 64.99601434834595, 65.2451175767238, 65.38461538461539, 65.43443603029095, 65.37465125548027, 65.35472299721005, 65.36468712634516, 65.29493822239937, 65.27500996412914, 65.25508170585891, 65.25508170585891, 65.2451175767238, 65.22518931845357, 65.21522518931846, 65.21522518931846, 65.20526106018335, 65.22518931845357, 65.23515344758869, 65.22518931845357], "flops": [1.0039000511169434, 1.0032999515533447, 1.003600001335144, 1.003600001335144, 1.0049999952316284, 1.0096999406814575, 1.0162999629974365, 1.0289000272750854, 1.0455999374389648, 1.0680999755859375, 1.1023000478744507, 1.1532999277114868, 1.2214000225067139, 1.3077000379562378, 1.4229999780654907, 1.5835999250411987, 1.7700001001358032, 1.9942001104354858, 2.2424001693725586, 2.4857001304626465, 2.734100103378296, 2.9535999298095703, 3.1363000869750977, 3.296599864959717, 3.4170000553131104, 3.5135998725891113, 3.598400115966797, 3.6651999950408936, 3.71370005607605, 3.7543997764587402, 3.791599988937378, 3.8220999240875244, 3.84689998626709, 3.868000030517578, 3.8844001293182373, 3.8951001167297363, 3.906899929046631, 3.9158999919891357, 3.9258999824523926]}