{"test": [54.25, 54.25, 54.27, 54.26, 54.29, 54.43, 54.55, 54.82, 55.14, 55.59, 56.3, 56.87, 57.74, 58.84, 59.9, 61.31, 62.68, 63.86, 64.47, 65.1, 65.39, 65.43, 65.3, 65.22, 65.17, 65.19, 65.11, 65.03, 65.02, 64.98, 64.97, 64.96, 64.91, 64.9, 64.9, 64.9, 64.9, 64.88, 64.88], "val": [54.68314069350339, 54.68314069350339, 54.6931048226385, 54.6931048226385, 54.71303308090873, 54.78278198485452, 54.93224392188123, 55.091669988043044, 55.350737345556, 55.709445994420086, 56.11797528895975, 56.865284974093264, 57.58270227182144, 58.78836189717019, 60.25308888003188, 61.53846153846154, 62.803905938620964, 63.909924272618575, 64.9561578318055, 65.42447190115584, 65.57393383818254, 65.44440015942607, 65.43443603029095, 65.50418493423675, 65.4643284176963, 65.36468712634516, 65.3148664806696, 65.16540454364288, 65.20526106018335, 65.21522518931846, 65.22518931845357, 65.20526106018335, 65.22518931845357, 65.21522518931846, 65.21522518931846, 65.20526106018335, 65.21522518931846, 65.21522518931846, 65.21522518931846], "flops": [1.0015000104904175, 1.0012999773025513, 1.0023000240325928, 1.0025999546051025, 1.0048999786376953, 1.0091999769210815, 1.0145000219345093, 1.0277999639511108, 1.0455000400543213, 1.070099949836731, 1.109799861907959, 1.1518000364303589, 1.2184001207351685, 1.312000036239624, 1.4241999387741089, 1.580399990081787, 1.7690999507904053, 1.9979000091552734, 2.258200168609619, 2.502500057220459, 2.7417001724243164, 2.958899974822998, 3.147899866104126, 3.304999828338623, 3.424800157546997, 3.5234999656677246, 3.603600025177002, 3.6651999950408936, 3.715700149536133, 3.754499912261963, 3.7873001098632812, 3.8141000270843506, 3.8408000469207764, 3.8594000339508057, 3.8770999908447266, 3.891899824142456, 3.9047000408172607, 3.916599988937378, 3.9275999069213867]}