{"test": [50.85, 50.85, 50.86, 50.85, 50.85, 50.93, 51.14, 51.3, 51.62, 52.16, 52.88, 53.71, 54.7, 56.06, 57.54, 58.98, 60.68, 61.79, 62.92, 63.84, 64.42, 64.53, 64.86, 64.92, 64.87, 64.86, 64.89, 64.92, 64.94, 64.92, 64.91, 64.92, 64.93, 64.93, 64.93, 64.92, 64.91, 64.91, 64.91], "val": [49.96014348345955, 49.97010761259466, 49.99003587086489, 50.03985651654045, 50.05978477481068, 50.17935432443205, 50.26903148664807, 50.51813471502591, 50.91669988043045, 51.235552012754084, 51.89318453567158, 52.72020725388601, 53.86608210442407, 55.221203666799525, 56.72578716620168, 58.399760860900756, 60.09366281387007, 61.73774412116381, 63.04304503786369, 63.89996014348346, 64.67716221602232, 64.8864089278597, 64.8864089278597, 64.86648066958948, 64.96612196094061, 64.94619370267039, 64.87644479872459, 64.96612196094061, 64.92626544440016, 64.93622957353527, 64.92626544440016, 64.93622957353527, 64.93622957353527, 64.90633718612993, 64.90633718612993, 64.91630131526504, 64.92626544440016, 64.92626544440016, 64.93622957353527], "flops": [1.0, 1.0, 1.000599980354309, 1.0011999607086182, 1.0022000074386597, 1.0074999332427979, 1.0149999856948853, 1.0266000032424927, 1.0439000129699707, 1.0683000087738037, 1.1055999994277954, 1.1514999866485596, 1.2099000215530396, 1.3015999794006348, 1.4315999746322632, 1.590399980545044, 1.7914999723434448, 2.008500099182129, 2.2553999423980713, 2.5044000148773193, 2.746299982070923, 2.959399938583374, 3.152599811553955, 3.3039000034332275, 3.42930006980896, 3.5208001136779785, 3.5917000770568848, 3.6593000888824463, 3.7112998962402344, 3.758200168609619, 3.793799877166748, 3.819000005722046, 3.844099998474121, 3.863100051879883, 3.88070011138916, 3.892899990081787, 3.903899908065796, 3.914100170135498, 3.9228999614715576]}