{"test": [50.61, 50.61, 50.61, 50.65, 50.72, 50.82, 51.0, 51.24, 51.48, 51.96, 52.68, 53.63, 54.86, 55.89, 57.25, 59.13, 60.73, 62.4, 63.43, 63.97, 64.63, 65.15, 65.36, 65.36, 65.37, 65.34, 65.32, 65.3, 65.31, 65.3, 65.3, 65.3, 65.28, 65.29, 65.29, 65.3, 65.29, 65.29, 65.29], "val": [49.79075328816261, 49.79075328816261, 49.81068154643284, 49.84057393383818, 49.93025109605421, 50.07971303308091, 50.24910322837784, 50.408529294539655, 50.74730968513352, 51.27540852929454, 52.002789956157834, 52.93941809485851, 53.97568752491032, 55.36070147469111, 56.91510561976883, 58.63889996014348, 60.44240733359904, 61.857313670785175, 63.42168194499801, 64.82662415304902, 65.42447190115584, 65.59386209645277, 65.92267835791152, 66.01235552012754, 66.19170984455958, 66.24153049023515, 66.2016739736947, 66.18174571542447, 66.14188919888402, 66.16181745715424, 66.17178158628936, 66.14188919888402, 66.15185332801913, 66.16181745715424, 66.16181745715424, 66.15185332801913, 66.16181745715424, 66.16181745715424, 66.16181745715424], "flops": [1.0, 1.0, 1.000100016593933, 1.0020999908447266, 1.0047999620437622, 1.0095999240875244, 1.016300082206726, 1.024899959564209, 1.039099931716919, 1.0632998943328857, 1.0987000465393066, 1.1495000123977661, 1.2160000801086426, 1.3023000955581665, 1.429800033569336, 1.5822999477386475, 1.777400016784668, 2.0157999992370605, 2.2627999782562256, 2.521200180053711, 2.7527999877929688, 2.973600149154663, 3.1581997871398926, 3.2944998741149902, 3.4208998680114746, 3.518699884414673, 3.600800037384033, 3.660399913787842, 3.7122998237609863, 3.751199960708618, 3.786600112915039, 3.8127999305725098, 3.8389999866485596, 3.8581998348236084, 3.8736000061035156, 3.8901000022888184, 3.9049999713897705, 3.9151999950408936, 3.923099994659424]}