{"test": [44.52, 44.53, 44.57, 44.63, 44.67, 44.76, 44.82, 45.09, 45.49, 45.93, 46.52, 47.64, 48.7, 49.81, 51.48, 53.53, 55.27, 57.48, 59.28, 60.42, 61.04, 61.51, 61.61, 61.93, 61.98, 62.08, 61.99, 62.02, 61.96, 61.95, 61.97, 61.95, 61.94, 61.93, 61.92, 61.92, 61.91, 61.91, 61.91], "val": [43.95177361498605, 43.961737744121166, 43.95177361498605, 43.98166600239139, 44.07134316460741, 44.13112793941809, 44.30051813471503, 44.51972897568753, 44.83858110801116, 45.486249501793544, 46.14388202471104, 46.88122758070945, 47.7281785571941, 49.58150657632523, 51.454762853726585, 53.35791151853328, 55.400557991231565, 57.43324033479474, 58.95775209246712, 60.37265842965325, 61.119968114786765, 61.6580310880829, 61.946990833001195, 62.106416899163015, 62.05659625348745, 62.11638102829813, 62.166201673973696, 62.2459147070546, 62.285771223595056, 62.27580709445994, 62.2459147070546, 62.225986448784376, 62.23595057791949, 62.225986448784376, 62.225986448784376, 62.225986448784376, 62.225986448784376, 62.23595057791949, 62.23595057791949], "flops": [1.0032999515533447, 1.0039000511169434, 1.0031999349594116, 1.003999948501587, 1.0053000450134277, 1.0109000205993652, 1.0160000324249268, 1.0286999940872192, 1.0464999675750732, 1.073699951171875, 1.1069999933242798, 1.1576000452041626, 1.2222000360488892, 1.307900071144104, 1.4198999404907227, 1.5866999626159668, 1.7771000862121582, 2.016199827194214, 2.268399953842163, 2.5131001472473145, 2.7551000118255615, 2.963200092315674, 3.1374001502990723, 3.2909998893737793, 3.424799919128418, 3.5264999866485596, 3.6015000343322754, 3.6607000827789307, 3.7146997451782227, 3.755800247192383, 3.7932000160217285, 3.8183999061584473, 3.8417000770568848, 3.8621997833251953, 3.878200054168701, 3.890900135040283, 3.901900053024292, 3.91159987449646, 3.9225001335144043]}