{"test": [47.79, 47.8, 47.79, 47.82, 47.92, 48.03, 48.26, 48.65, 49.16, 49.84, 50.61, 51.7, 53.02, 54.96, 57.22, 59.52, 61.99, 64.35, 66.07, 67.71, 68.69, 69.13, 69.54, 69.59, 69.8, 69.78, 69.81, 69.68, 69.77, 69.75, 69.74, 69.73, 69.77, 69.76, 69.74, 69.73, 69.74, 69.74, 69.74], "val": [48.287193786098385, 48.287193786098385, 48.307110137422825, 48.35690101573392, 48.37681736705836, 48.55606452897829, 48.72535351523601, 49.07388966341366, 49.48217486556463, 50.00995817566222, 50.786695877315275, 51.89205337582155, 53.21649073889663, 54.919338777136026, 56.99063931487751, 59.3308105954989, 62.01951802429795, 64.36964748058156, 66.39115714001196, 68.01433977295359, 68.89065923122884, 69.28898625771758, 69.48814977096195, 69.75702051384187, 69.83668591913961, 69.88647679745071, 69.97610037841068, 69.97610037841068, 69.90639314877514, 69.90639314877514, 69.90639314877514, 69.90639314877514, 69.88647679745071, 69.90639314877514, 69.90639314877514, 69.90639314877514, 69.91635132443736, 69.91635132443736, 69.91635132443736], "flops": [1.0011999607086182, 1.0008000135421753, 1.000999927520752, 1.0029999017715454, 1.0055999755859375, 1.0099999904632568, 1.017899990081787, 1.0318999290466309, 1.049399971961975, 1.0720999240875244, 1.1055999994277954, 1.1535000801086426, 1.2125000953674316, 1.308500051498413, 1.428800106048584, 1.5788999795913696, 1.7688000202178955, 2.004499912261963, 2.255500078201294, 2.5083999633789062, 2.7446999549865723, 2.960900068283081, 3.1511001586914062, 3.309800148010254, 3.4296000003814697, 3.5288000106811523, 3.6038999557495117, 3.6652002334594727, 3.714700222015381, 3.760999917984009, 3.7970001697540283, 3.825000047683716, 3.8467001914978027, 3.8650999069213867, 3.8824000358581543, 3.8938000202178955, 3.9053001403808594, 3.9161999225616455, 3.9257001876831055]}