{"test": [48.73, 48.73, 48.74, 48.79, 48.82, 49.01, 49.22, 49.46, 49.86, 50.57, 51.43, 52.35, 53.5, 55.75, 58.14, 60.82, 63.01, 65.17, 67.3, 68.84, 69.91, 70.14, 70.6, 70.72, 70.76, 70.83, 70.85, 70.84, 70.78, 70.77, 70.78, 70.77, 70.79, 70.8, 70.81, 70.81, 70.81, 70.81, 70.81], "val": [48.92451702848038, 48.92451702848038, 48.94443337980482, 48.94443337980482, 49.00418243377813, 49.07388966341366, 49.32284405496913, 49.601672973511256, 50.1593308105955, 50.75682135032862, 51.61322445727943, 52.768372834096795, 54.182433778131845, 56.154152559251145, 58.38478390758813, 60.58554072893846, 63.104959171479784, 65.18621788488349, 67.09818761202948, 68.72137024497113, 69.43835889265087, 69.96614220274846, 70.19518024297949, 70.3644692292372, 70.3047201752639, 70.22505476996614, 70.24497112129058, 70.31467835092612, 70.3047201752639, 70.29476199960168, 70.29476199960168, 70.31467835092612, 70.32463652658834, 70.32463652658834, 70.33459470225054, 70.33459470225054, 70.33459470225054, 70.33459470225054, 70.33459470225054], "flops": [1.0011999607086182, 1.0011999607086182, 1.0008000135421753, 1.0023000240325928, 1.0045000314712524, 1.0099999904632568, 1.0166000127792358, 1.0268999338150024, 1.0419000387191772, 1.066499948501587, 1.1022000312805176, 1.1473000049591064, 1.2049000263214111, 1.300700068473816, 1.4302998781204224, 1.5836999416351318, 1.7894998788833618, 2.0092999935150146, 2.251199960708618, 2.507999897003174, 2.742000102996826, 2.9702000617980957, 3.1557998657226562, 3.309500217437744, 3.427000045776367, 3.5260000228881836, 3.604400157928467, 3.672299861907959, 3.722899913787842, 3.7685999870300293, 3.8034000396728516, 3.833699941635132, 3.854599952697754, 3.8726000785827637, 3.8901000022888184, 3.903700113296509, 3.915099859237671, 3.9232001304626465, 3.9311001300811768]}