{"test": [49.49, 49.49, 49.49, 49.52, 49.59, 49.77, 49.93, 50.16, 50.48, 51.1, 51.81, 52.59, 53.38, 54.52, 56.3, 58.65, 60.5, 62.45, 64.18, 65.59, 66.39, 66.83, 67.24, 67.41, 67.47, 67.57, 67.53, 67.6, 67.63, 67.61, 67.64, 67.65, 67.66, 67.66, 67.67, 67.68, 67.69, 67.7, 67.68], "val": [49.910376419040034, 49.920334594702254, 49.920334594702254, 49.94025094602669, 49.99004182433778, 50.03983270264887, 50.20912168890659, 50.428201553475404, 50.816570404301935, 51.45389364668393, 51.96176060545708, 52.70862378012348, 53.71439952200757, 55.008962358096, 56.512646883091016, 58.24536944831707, 60.27683728340968, 62.188807010555664, 63.96136227843059, 65.25592511451902, 65.90320653256323, 66.12228639713204, 66.59032065325633, 66.93885680143397, 67.09818761202948, 67.18781119298944, 67.19776936865166, 67.17785301732722, 67.15793666600278, 67.20772754431388, 67.23760207130054, 67.23760207130054, 67.26747659828719, 67.25751842262497, 67.23760207130054, 67.23760207130054, 67.23760207130054, 67.23760207130054, 67.23760207130054], "flops": [1.000599980354309, 1.0011999607086182, 1.000999927520752, 1.0023999214172363, 1.0052000284194946, 1.0123000144958496, 1.0200001001358032, 1.032099962234497, 1.0489000082015991, 1.0749999284744263, 1.1113998889923096, 1.156499981880188, 1.2222000360488892, 1.3098000288009644, 1.423799991607666, 1.583299994468689, 1.7785999774932861, 2.004699945449829, 2.2453999519348145, 2.500500202178955, 2.7391998767852783, 2.9619998931884766, 3.140500068664551, 3.293799877166748, 3.4198999404907227, 3.5197999477386475, 3.601900100708008, 3.669300079345703, 3.724900007247925, 3.7646000385284424, 3.7976999282836914, 3.829699993133545, 3.8525002002716064, 3.870500087738037, 3.8851001262664795, 3.8989999294281006, 3.9103000164031982, 3.9174001216888428, 3.9272000789642334]}