{"test": [49.73, 49.75, 49.75, 49.76, 49.86, 49.91, 50.09, 50.31, 50.64, 51.19, 51.98, 53.28, 54.59, 56.29, 58.23, 60.56, 62.76, 65.04, 66.91, 68.26, 69.09, 69.8, 70.14, 70.25, 70.16, 70.13, 70.04, 70.05, 70.01, 70.04, 70.01, 70.01, 69.99, 70.0, 70.0, 69.99, 69.99, 70.0, 70.0], "val": [49.23322047400916, 49.23322047400916, 49.223262298346945, 49.2531368253336, 49.362676757618004, 49.48217486556463, 49.64150567616013, 49.910376419040034, 50.34853614817765, 50.96594303923521, 51.66301533559052, 52.609042023501296, 53.88368850826529, 55.56662019518024, 57.39892451702848, 59.83867755427206, 62.23859788886676, 64.25014937263494, 66.24178450507867, 67.90479984066918, 68.82095200159331, 69.47819159529975, 69.6176060545708, 69.71718781119299, 69.78689504082853, 69.73710416251743, 69.64748058155746, 69.65743875721968, 69.6673969328819, 69.6176060545708, 69.64748058155746, 69.6176060545708, 69.6176060545708, 69.60764787890858, 69.60764787890858, 69.6176060545708, 69.6176060545708, 69.6176060545708, 69.6176060545708], "flops": [1.0, 1.0008000135421753, 1.0011000633239746, 1.0015000104904175, 1.0042999982833862, 1.007699966430664, 1.0152000188827515, 1.0261000394821167, 1.0393000841140747, 1.0614999532699585, 1.0982999801635742, 1.1483999490737915, 1.2146000862121582, 1.303899884223938, 1.4306000471115112, 1.586899995803833, 1.772900104522705, 2.003999948501587, 2.2589001655578613, 2.5181000232696533, 2.7634999752044678, 2.965400218963623, 3.1483001708984375, 3.2985999584198, 3.4198999404907227, 3.5254998207092285, 3.6153998374938965, 3.6714999675750732, 3.72189998626709, 3.7645998001098633, 3.801500082015991, 3.828399896621704, 3.8529000282287598, 3.8715999126434326, 3.884700059890747, 3.8982999324798584, 3.9067001342773438, 3.9149999618530273, 3.9251999855041504]}