{"test": [46.04, 46.04, 46.04, 46.08, 46.13, 46.28, 46.41, 46.68, 47.09, 47.61, 48.57, 49.38, 50.19, 52.0, 54.07, 56.5, 58.9, 60.94, 63.37, 64.69, 65.93, 66.35, 66.79, 66.93, 66.96, 66.99, 67.02, 66.99, 67.0, 67.01, 67.04, 67.07, 67.07, 67.12, 67.12, 67.12, 67.12, 67.13, 67.13], "val": [45.947022505476994, 45.93706432981478, 45.93706432981478, 45.976897032463654, 46.0565624377614, 46.176060545708026, 46.325433180641305, 46.57438757219678, 46.883091017725555, 47.50049790878311, 48.147779326827326, 49.2531368253336, 50.53774148575981, 52.18084047002589, 54.043019318860786, 56.62218681537542, 59.181437960565624, 61.55148376817367, 63.56303525194184, 65.07667795259908, 65.89324835690101, 66.57040430193189, 66.94881497709619, 67.13802031467836, 67.29735112527385, 67.486556462856, 67.41684923322047, 67.5363473411671, 67.55626369249154, 67.5363473411671, 67.52638916550488, 67.50647281418044, 67.52638916550488, 67.54630551682932, 67.52638916550488, 67.52638916550488, 67.5363473411671, 67.5363473411671, 67.5363473411671], "flops": [1.0009000301361084, 1.0006999969482422, 1.0009000301361084, 1.0022000074386597, 1.00409996509552, 1.0089000463485718, 1.0161999464035034, 1.0257999897003174, 1.0422999858856201, 1.0634000301361084, 1.1003999710083008, 1.146399974822998, 1.2007001638412476, 1.2905000448226929, 1.4172999858856201, 1.5807000398635864, 1.7828999757766724, 2.017199993133545, 2.27020001411438, 2.511699914932251, 2.7523000240325928, 2.9686999320983887, 3.1571998596191406, 3.307800054550171, 3.433799982070923, 3.5358998775482178, 3.6182000637054443, 3.679999828338623, 3.73009991645813, 3.7711000442504883, 3.808199882507324, 3.837100028991699, 3.85479998588562, 3.874300003051758, 3.8896000385284424, 3.9026999473571777, 3.9123001098632812, 3.920099973678589, 3.926100015640259]}