{"test": [49.34, 49.36, 49.36, 49.37, 49.38, 49.55, 49.82, 50.23, 50.51, 51.07, 51.77, 52.62, 53.55, 54.95, 56.91, 58.71, 60.84, 62.68, 64.73, 65.82, 66.74, 67.2, 67.55, 67.64, 67.52, 67.52, 67.49, 67.46, 67.44, 67.43, 67.42, 67.39, 67.37, 67.38, 67.38, 67.37, 67.37, 67.37, 67.37], "val": [49.352718581955784, 49.372634933280224, 49.40250946026688, 49.43238398725354, 49.50209121688906, 49.65146385182235, 49.81079466241785, 50.089623580959966, 50.398327026488744, 50.89623580959968, 51.59330810595499, 52.758414658434575, 54.033061143198566, 55.58653654650468, 57.27942640908186, 59.30093606851225, 61.24278032264489, 63.04521011750647, 64.85759808803027, 66.06253734315874, 66.80940051782514, 67.22764389563832, 67.52638916550488, 67.82513443537144, 67.82513443537144, 67.83509261103366, 67.70563632742481, 67.69567815176259, 67.69567815176259, 67.68571997610037, 67.67576180043815, 67.62597092212707, 67.61601274646485, 67.60605457080263, 67.60605457080263, 67.60605457080263, 67.5960963951404, 67.5960963951404, 67.5960963951404], "flops": [1.0, 1.000999927520752, 1.001099944114685, 1.0023000240325928, 1.0045000314712524, 1.0110000371932983, 1.0195000171661377, 1.0323001146316528, 1.045699954032898, 1.0709999799728394, 1.1047999858856201, 1.1531000137329102, 1.213399887084961, 1.305400013923645, 1.4320999383926392, 1.5831999778747559, 1.7625999450683594, 1.993499994277954, 2.258000135421753, 2.503200054168701, 2.7586002349853516, 2.9672999382019043, 3.150399923324585, 3.3020999431610107, 3.42579984664917, 3.523400068283081, 3.599799871444702, 3.66759991645813, 3.7165000438690186, 3.7596001625061035, 3.7959001064300537, 3.8225998878479004, 3.8463001251220703, 3.868499994277954, 3.8873000144958496, 3.899899959564209, 3.910599946975708, 3.920099973678589, 3.928999900817871]}