{"test": [38.08, 38.08, 38.1, 38.13, 38.17, 38.28, 38.56, 38.77, 39.36, 39.9, 40.8, 41.98, 43.53, 45.91, 48.41, 51.39, 54.88, 57.9, 60.91, 63.71, 65.57, 67.18, 68.24, 68.91, 69.19, 69.32, 69.43, 69.4, 69.45, 69.46, 69.46, 69.45, 69.47, 69.48, 69.48, 69.48, 69.48, 69.48, 69.48], "val": [37.592113124875524, 37.592113124875524, 37.602071300537744, 37.66182035451105, 37.70165305715993, 37.84106751643099, 38.099980083648674, 38.44851623182633, 38.92650866361283, 39.63353913563035, 40.64927305317666, 41.81437960565624, 43.457478589922324, 45.638319059948216, 48.51623182632942, 51.563433578968336, 54.560844453296156, 57.9964150567616, 61.20294761999602, 63.632742481577374, 65.47500497908783, 67.04839673371838, 67.9645488946425, 68.65166301533559, 68.99024098785102, 69.10973909579765, 69.2391953794065, 69.32881896036646, 69.33877713602868, 69.36865166301534, 69.35869348735312, 69.35869348735312, 69.36865166301534, 69.36865166301534, 69.36865166301534, 69.36865166301534, 69.36865166301534, 69.36865166301534, 69.35869348735312], "flops": [1.000599980354309, 1.000599980354309, 1.0016000270843506, 1.0023000240325928, 1.0045000314712524, 1.0080000162124634, 1.0161000490188599, 1.0264999866485596, 1.0463999509811401, 1.0687999725341797, 1.1039000749588013, 1.1500999927520752, 1.2131000757217407, 1.3092000484466553, 1.4179000854492188, 1.5692999362945557, 1.7666000127792358, 1.9933000802993774, 2.2504000663757324, 2.5029001235961914, 2.740799903869629, 2.9570999145507812, 3.140000104904175, 3.3041000366210938, 3.432800054550171, 3.5288000106811523, 3.6031999588012695, 3.6675000190734863, 3.718600034713745, 3.760200023651123, 3.7948999404907227, 3.8262999057769775, 3.8494999408721924, 3.8675999641418457, 3.884999990463257, 3.897200107574463, 3.910099983215332, 3.9190001487731934, 3.927999973297119]}